"uid","namedLocation","domainID","siteID","plotID","plotType","pointID","startDate","boutNumber","eventID","pointCountMinute","targetTaxaPresent","taxonID","scientificName","taxonRank","vernacularName","observerDistance","detectionMethod","visualConfirmation","sexOrAge","clusterSize","identifiedBy"
"28587fd5-e9c6-4dd9-ac2f-2a80d9d69ec2","BART_018.birdGrid.brd","D01","BART","BART_018","distributed",1,"2017-06-21T09:03Z",1,"BRD.BART.2017.1",1,"Y","BTNW","Setophaga virens","species","Black-throated Green Warbler",40,"singing","No","Male",1,"JRUEB"
"09f4496e-72c5-42ff-a4bf-aadcbf739397","BART_018.birdGrid.brd","D01","BART","BART_018","distributed",1,"2017-06-21T09:03Z",1,"BRD.BART.2017.1",2,"Y","RBWO","Melanerpes carolinus","species","Red-bellied Woodpecker",20,"calling","No","Unknown",1,"JRUEB"
"8721c42a-1e64-4c60-a40f-26b41ec3f51a","BART_018.birdGrid.brd","D01","BART","BART_018","distributed",1,"2017-06-21T09:03Z",1,"BRD.BART.2017.1",1,"Y","REVI","Vireo olivaceus","species","Red-eyed Vireo",45,"singing","No","Male",1,"JRUEB"
"8ea10abd-5835-4fda-b592-ba3533c3311a","BART_018.birdGrid.brd","D01","BART","BART_018","distributed",1,"2017-06-21T09:03Z",1,"BRD.BART.2017.1",1,"Y","OVEN","Seiurus aurocapilla","species","Ovenbird",40,"singing","No","Male",1,"JRUEB"
"39915ebd-b013-4681-9903-9debb0ab7166","BART_018.birdGrid.brd","D01","BART","BART_018","distributed",1,"2017-06-21T09:03Z",1,"BRD.BART.2017.1",1,"Y","HETH","Catharus guttatus","species","Hermit Thrush",50,"singing","No","Male",1,"JRUEB"
"0d6d00c8-9401-400c-afef-813edad380dd","BART_018.birdGrid.brd","D01","BART","BART_018","distributed",1,"2017-06-21T09:03Z",1,"BRD.BART.2017.1",1,"Y","REVI","Vireo olivaceus","species","Red-eyed Vireo",35,"singing","No","Male",1,"JRUEB"
"d8a29e39-89fe-4db0-98b6-4251603b6c8e","BART_018.birdGrid.brd","D01","BART","BART_018","distributed",2,"2017-06-21T09:22Z",1,"BRD.BART.2017.1",6,"Y","HETH","Catharus guttatus","species","Hermit Thrush",60,"singing","No","Male",1,"JRUEB"
"707dbdc6-53c5-4135-b136-2e683f1759cb","BART_018.birdGrid.brd","D01","BART","BART_018","distributed",2,"2017-06-21T09:22Z",1,"BRD.BART.2017.1",4,"Y","UNWO","Picidae sp.","family","",50,"drumming","No","Unknown",1,"JRUEB"
"3de966a7-9ff8-47c2-a0fc-b3f50658c8ff","BART_018.birdGrid.brd","D01","BART","BART_018","distributed",2,"2017-06-21T09:22Z",1,"BRD.BART.2017.1",1,"Y","OVEN","Seiurus aurocapilla","species","Ovenbird",30,"singing","No","Male",1,"JRUEB"
"bb9efaf3-f6db-4754-adc0-4ceafd86997c","BART_018.birdGrid.brd","D01","BART","BART_018","distributed",2,"2017-06-21T09:22Z",1,"BRD.BART.2017.1",1,"Y","REVI","Vireo olivaceus","species","Red-eyed Vireo",25,"singing","No","Male",1,"JRUEB"
"4f029ed3-acbf-46ad-801d-04a68b5cec28","BART_018.birdGrid.brd","D01","BART","BART_018","distributed",2,"2017-06-21T09:22Z",1,"BRD.BART.2017.1",1,"Y","REVI","Vireo olivaceus","species","Red-eyed Vireo",35,"singing","No","Male",1,"JRUEB"
"bf6c5226-2d64-4ab1-9860-88549656b0e9","BART_018.birdGrid.brd","D01","BART","BART_018","distributed",2,"2017-06-21T09:22Z",1,"BRD.BART.2017.1",1,"Y","BTNW","Setophaga virens","species","Black-throated Green Warbler",35,"singing","No","Male",1,"JRUEB"
"67d6d8f6-2c80-4237-a669-b30224892bf7","BART_018.birdGrid.brd","D01","BART","BART_018","distributed",2,"2017-06-21T09:22Z",1,"BRD.BART.2017.1",5,"Y","BLJA","Cyanocitta cristata","species","Blue Jay",55,"calling","No","Unknown",1,"JRUEB"
"7ce89faa-b1f4-448c-89bb-f8e2cc6d957b","BART_018.birdGrid.brd","D01","BART","BART_018","distributed",3,"2017-06-21T09:38Z",1,"BRD.BART.2017.1",3,"Y","REVI","Vireo olivaceus","species","Red-eyed Vireo",20,"singing","No","Male",1,"JRUEB"
"16c9afa4-63ca-460a-9a4a-c600662366ae","BART_018.birdGrid.brd","D01","BART","BART_018","distributed",3,"2017-06-21T09:38Z",1,"BRD.BART.2017.1",1,"Y","HETH","Catharus guttatus","species","Hermit Thrush",40,"singing","No","Male",1,"JRUEB"
"847df036-3769-466a-a068-b1506166f425","BART_018.birdGrid.brd","D01","BART","BART_018","distributed",3,"2017-06-21T09:38Z",1,"BRD.BART.2017.1",1,"Y","HETH","Catharus guttatus","species","Hermit Thrush",70,"singing","No","Male",1,"JRUEB"
"a83cdde7-af98-4e19-84d5-c875dad0779c","BART_018.birdGrid.brd","D01","BART","BART_018","distributed",3,"2017-06-21T09:38Z",1,"BRD.BART.2017.1",1,"Y","BLBW","Setophaga fusca","species","Blackburnian Warbler",25,"singing","No","Male",1,"JRUEB"
"10a01e83-691d-4620-9dbd-cf6916ea7438","BART_018.birdGrid.brd","D01","BART","BART_018","distributed",6,"2017-06-21T09:57Z",1,"BRD.BART.2017.1",2,"Y","BLBW","Setophaga fusca","species","Blackburnian Warbler",30,"singing","No","Male",1,"JRUEB"
"dc7e303f-f136-447b-b024-f0a4c3347726","BART_018.birdGrid.brd","D01","BART","BART_018","distributed",6,"2017-06-21T09:57Z",1,"BRD.BART.2017.1",1,"Y","BTNW","Setophaga virens","species","Black-throated Green Warbler",35,"singing","No","Male",1,"JRUEB"
"5d248947-f277-4bd3-9e2a-0863211baca3","BART_018.birdGrid.brd","D01","BART","BART_018","distributed",6,"2017-06-21T09:57Z",1,"BRD.BART.2017.1",1,"Y","OVEN","Seiurus aurocapilla","species","Ovenbird",20,"singing","No","Male",1,"JRUEB"
"299dc623-6b4b-4a2f-ab64-9f0577545cb6","BART_018.birdGrid.brd","D01","BART","BART_018","distributed",6,"2017-06-21T09:57Z",1,"BRD.BART.2017.1",1,"Y","OVEN","Seiurus aurocapilla","species","Ovenbird",35,"singing","No","Male",1,"JRUEB"
"c4d65add-c0a7-4b5d-9a82-20c7e877c232","BART_018.birdGrid.brd","D01","BART","BART_018","distributed",6,"2017-06-21T09:57Z",1,"BRD.BART.2017.1",1,"Y","BTBW","Setophaga caerulescens","species","Black-throated Blue Warbler",40,"singing","No","Male",1,"JRUEB"
"32edaa78-e4dc-4fa6-b0ba-8523d7f33b49","BART_018.birdGrid.brd","D01","BART","BART_018","distributed",5,"2017-06-21T10:13Z",1,"BRD.BART.2017.1",4,"Y","BCCH","Poecile atricapillus","species","Black-capped Chickadee",20,"calling","Yes","Unknown",1,"JRUEB"
"9d8f3db0-a5b9-4d56-a5dc-133638bdccad","BART_018.birdGrid.brd","D01","BART","BART_018","distributed",5,"2017-06-21T10:13Z",1,"BRD.BART.2017.1",1,"Y","EAWP","Contopus virens","species","Eastern Wood-Pewee",70,"calling","No","Unknown",1,"JRUEB"
"25fd3d8c-0491-4474-8e1e-024050cd66e0","BART_018.birdGrid.brd","D01","BART","BART_018","distributed",5,"2017-06-21T10:13Z",1,"BRD.BART.2017.1",1,"Y","BLBW","Setophaga fusca","species","Blackburnian Warbler",35,"singing","No","Male",1,"JRUEB"
"032bef94-e007-48c9-ac85-c53f8096ee05","BART_018.birdGrid.brd","D01","BART","BART_018","distributed",5,"2017-06-21T10:13Z",1,"BRD.BART.2017.1",1,"Y","BTNW","Setophaga virens","species","Black-throated Green Warbler",40,"singing","No","Male",1,"JRUEB"
"d227a18f-a07e-4a11-bc1b-a3c086afdca5","BART_018.birdGrid.brd","D01","BART","BART_018","distributed",5,"2017-06-21T10:13Z",1,"BRD.BART.2017.1",2,"Y","REVI","Vireo olivaceus","species","Red-eyed Vireo",45,"singing","No","Male",1,"JRUEB"
"68555b31-d6e1-4255-ab86-c22c280626ec","BART_018.birdGrid.brd","D01","BART","BART_018","distributed",5,"2017-06-21T10:13Z",1,"BRD.BART.2017.1",1,"Y","REVI","Vireo olivaceus","species","Red-eyed Vireo",30,"singing","No","Male",1,"JRUEB"
"985f2231-5455-4a94-9145-683e6dfd4915","BART_018.birdGrid.brd","D01","BART","BART_018","distributed",5,"2017-06-21T10:13Z",1,"BRD.BART.2017.1",4,"Y","BCCH","Poecile atricapillus","species","Black-capped Chickadee",25,"calling","No","Unknown",1,"JRUEB"
"913cb134-3a64-4fe7-ab52-08c5695b21d4","BART_018.birdGrid.brd","D01","BART","BART_018","distributed",4,"2017-06-21T10:28Z",1,"BRD.BART.2017.1",1,"Y","REVI","Vireo olivaceus","species","Red-eyed Vireo",25,"singing","No","Male",1,"JRUEB"
"d058d996-6bbc-4e56-a366-570ca1b12282","BART_018.birdGrid.brd","D01","BART","BART_018","distributed",4,"2017-06-21T10:28Z",1,"BRD.BART.2017.1",1,"Y","OVEN","Seiurus aurocapilla","species","Ovenbird",40,"singing","No","Male",1,"JRUEB"
"525a8ec9-dc99-4b6e-b59e-54cfbd735cde","BART_018.birdGrid.brd","D01","BART","BART_018","distributed",4,"2017-06-21T10:28Z",1,"BRD.BART.2017.1",1,"Y","BTNW","Setophaga virens","species","Black-throated Green Warbler",30,"singing","No","Male",1,"JRUEB"
"9df691a7-95fc-49f9-8cc5-1800d5873736","BART_018.birdGrid.brd","D01","BART","BART_018","distributed",7,"2017-06-21T10:42Z",1,"BRD.BART.2017.1",3,"Y","UNWO","Picidae sp.","family","",80,"drumming","No","Unknown",1,"JRUEB"
"49b59a54-8578-4d88-960e-6e1ecc9f3277","BART_018.birdGrid.brd","D01","BART","BART_018","distributed",7,"2017-06-21T10:42Z",1,"BRD.BART.2017.1",2,"Y","CSWA","Setophaga pensylvanica","species","Chestnut-sided Warbler",35,"singing","No","Male",1,"JRUEB"
"76984a4e-f91d-4cc8-8fbf-fd14cc4fcac6","BART_018.birdGrid.brd","D01","BART","BART_018","distributed",7,"2017-06-21T10:42Z",1,"BRD.BART.2017.1",1,"Y","REVI","Vireo olivaceus","species","Red-eyed Vireo",40,"singing","No","Male",1,"JRUEB"
"8655461c-2d6e-4dd9-978a-7386360c473f","BART_018.birdGrid.brd","D01","BART","BART_018","distributed",7,"2017-06-21T10:42Z",1,"BRD.BART.2017.1",1,"Y","BTNW","Setophaga virens","species","Black-throated Green Warbler",50,"singing","No","Male",1,"JRUEB"
"c0cb82cf-7d09-415e-a83a-3e949a638fa9","BART_018.birdGrid.brd","D01","BART","BART_018","distributed",7,"2017-06-21T10:42Z",1,"BRD.BART.2017.1",4,"Y","HETH","Catharus guttatus","species","Hermit Thrush",60,"singing","No","Male",1,"JRUEB"
"cf0b7588-108f-49f9-8b89-42a81a425008","BART_018.birdGrid.brd","D01","BART","BART_018","distributed",7,"2017-06-21T10:42Z",1,"BRD.BART.2017.1",1,"Y","BTBW","Setophaga caerulescens","species","Black-throated Blue Warbler",45,"singing","No","Male",1,"JRUEB"
"a59a48db-b2fa-47b5-a80f-0dd1716cb477","BART_018.birdGrid.brd","D01","BART","BART_018","distributed",7,"2017-06-21T10:42Z",1,"BRD.BART.2017.1",3,"Y","OVEN","Seiurus aurocapilla","species","Ovenbird",40,"singing","No","Male",1,"JRUEB"
"8c7d5354-4c12-408b-b0f3-2b1901b1c071","BART_018.birdGrid.brd","D01","BART","BART_018","distributed",8,"2017-06-21T10:58Z",1,"BRD.BART.2017.1",1,"Y","VEER","Catharus fuscescens","species","Veery",20,"singing","No","Male",1,"JRUEB"
"7a786413-b8da-45dd-8bdb-f21d9ec5e037","BART_018.birdGrid.brd","D01","BART","BART_018","distributed",8,"2017-06-21T10:58Z",1,"BRD.BART.2017.1",1,"Y","MAWA","Setophaga magnolia","species","Magnolia Warbler",25,"singing","No","Male",1,"JRUEB"
"9259cda9-bbc7-4d7c-9cdc-2e3255855353","BART_018.birdGrid.brd","D01","BART","BART_018","distributed",8,"2017-06-21T10:58Z",1,"BRD.BART.2017.1",2,"Y","MAWA","Setophaga magnolia","species","Magnolia Warbler",35,"singing","No","Male",1,"JRUEB"
"9eddd383-9a4b-460e-89da-c60a39a4ece5","BART_018.birdGrid.brd","D01","BART","BART_018","distributed",8,"2017-06-21T10:58Z",1,"BRD.BART.2017.1",1,"Y","CSWA","Setophaga pensylvanica","species","Chestnut-sided Warbler",15,"singing","No","Male",1,"JRUEB"
"76025578-524d-426b-a7cb-e04d3b9af8c5","BART_018.birdGrid.brd","D01","BART","BART_018","distributed",8,"2017-06-21T10:58Z",1,"BRD.BART.2017.1",1,"Y","BTBW","Setophaga caerulescens","species","Black-throated Blue Warbler",20,"singing","No","Male",1,"JRUEB"
"407bdf90-79c9-4002-ab71-ea7e461259f4","BART_018.birdGrid.brd","D01","BART","BART_018","distributed",8,"2017-06-21T10:58Z",1,"BRD.BART.2017.1",1,"Y","REVI","Vireo olivaceus","species","Red-eyed Vireo",20,"singing","No","Male",1,"JRUEB"
"e3139c38-fbc3-4326-a688-513991c8cfc4","BART_018.birdGrid.brd","D01","BART","BART_018","distributed",8,"2017-06-21T10:58Z",1,"BRD.BART.2017.1",1,"Y","OVEN","Seiurus aurocapilla","species","Ovenbird",35,"singing","No","Male",1,"JRUEB"
"a03ad03c-cdce-4209-9906-1c1547356fca","BART_018.birdGrid.brd","D01","BART","BART_018","distributed",8,"2017-06-21T10:58Z",1,"BRD.BART.2017.1",1,"Y","OVEN","Seiurus aurocapilla","species","Ovenbird",40,"singing","No","Male",1,"JRUEB"
"878eab0e-b713-4bc8-a4e3-3b3af4b35189","BART_018.birdGrid.brd","D01","BART","BART_018","distributed",9,"2017-06-21T11:19Z",1,"BRD.BART.2017.1",1,"Y","AMRE","Setophaga ruticilla","species","American Redstart",25,"singing","No","Male",1,"JRUEB"
"8f741362-dec9-4bd3-ad1b-312d6e01cc45","BART_018.birdGrid.brd","D01","BART","BART_018","distributed",9,"2017-06-21T11:19Z",1,"BRD.BART.2017.1",6,"Y","RTHU","Archilochus colubris","species","Ruby-throated Hummingbird",25,"calling","No","Unknown",1,"JRUEB"
"9810dfc7-0df8-44c9-b02a-30b6dae9db6f","BART_018.birdGrid.brd","D01","BART","BART_018","distributed",9,"2017-06-21T11:19Z",1,"BRD.BART.2017.1",4,"Y","BCCH","Poecile atricapillus","species","Black-capped Chickadee",30,"calling","No","Unknown",1,"JRUEB"
"1017f2a5-ab5c-450d-a2c3-7575e8dc9614","BART_018.birdGrid.brd","D01","BART","BART_018","distributed",9,"2017-06-21T11:19Z",1,"BRD.BART.2017.1",1,"Y","MAWA","Setophaga magnolia","species","Magnolia Warbler",50,"singing","No","Male",1,"JRUEB"
"2152dabb-1c0b-43a8-a745-3c48f61963a4","BART_018.birdGrid.brd","D01","BART","BART_018","distributed",9,"2017-06-21T11:19Z",1,"BRD.BART.2017.1",1,"Y","BTBW","Setophaga caerulescens","species","Black-throated Blue Warbler",35,"singing","No","Male",1,"JRUEB"
"f6c1d9d1-d507-4906-b603-688ce3e8a53e","BART_082.birdGrid.brd","D01","BART","BART_082","distributed",9,"2017-06-21T11:58Z",1,"BRD.BART.2017.1",2,"Y","BCCH","Poecile atricapillus","species","Black-capped Chickadee",35,"calling","No","Unknown",1,"JRUEB"
"ea1a77f5-9519-439e-bf7e-4da974f53adf","BART_082.birdGrid.brd","D01","BART","BART_082","distributed",9,"2017-06-21T11:58Z",1,"BRD.BART.2017.1",1,"Y","BLJA","Cyanocitta cristata","species","Blue Jay",30,"calling","No","Unknown",1,"JRUEB"
"fdf1878d-efb8-4edc-95f3-656acc5311ea","BART_082.birdGrid.brd","D01","BART","BART_082","distributed",9,"2017-06-21T11:58Z",1,"BRD.BART.2017.1",1,"Y","BLJA","Cyanocitta cristata","species","Blue Jay",20,"calling","No","Unknown",1,"JRUEB"
"c344d75c-765b-4998-a7cf-d6dee782237d","BART_082.birdGrid.brd","D01","BART","BART_082","distributed",8,"2017-06-21T12:14Z",1,"BRD.BART.2017.1",1,"Y","OVEN","Seiurus aurocapilla","species","Ovenbird",50,"singing","No","Male",1,"JRUEB"
"5d462bdb-6d95-4f7a-8aaf-12c65a154e4c","BART_082.birdGrid.brd","D01","BART","BART_082","distributed",8,"2017-06-21T12:14Z",1,"BRD.BART.2017.1",4,"Y","BTNW","Setophaga virens","species","Black-throated Green Warbler",55,"singing","No","Male",1,"JRUEB"
"23487ab7-7394-4772-828c-9dcb38514587","BART_082.birdGrid.brd","D01","BART","BART_082","distributed",8,"2017-06-21T12:14Z",1,"BRD.BART.2017.1",2,"Y","BLBW","Setophaga fusca","species","Blackburnian Warbler",40,"singing","No","Male",1,"JRUEB"
"476c0edb-2315-4f0c-a0fd-50544c48291f","BART_082.birdGrid.brd","D01","BART","BART_082","distributed",8,"2017-06-21T12:14Z",1,"BRD.BART.2017.1",2,"Y","HETH","Catharus guttatus","species","Hermit Thrush",60,"singing","No","Male",1,"JRUEB"
"9946caea-d366-4874-9441-277cd9e6d8be","BART_082.birdGrid.brd","D01","BART","BART_082","distributed",7,"2017-06-21T12:27Z",1,"BRD.BART.2017.1",1,"Y","CHSP","Spizella passerina","species","Chipping Sparrow",20,"calling","No","Unknown",1,"JRUEB"
"3a56b4bc-8c03-409c-ace8-8b6c25b47e73","BART_082.birdGrid.brd","D01","BART","BART_082","distributed",7,"2017-06-21T12:27Z",1,"BRD.BART.2017.1",1,"Y","CHSP","Spizella passerina","species","Chipping Sparrow",20,"calling","No","Unknown",1,"JRUEB"
"56aaf260-1e48-41a5-8f91-e38bac9495c4","BART_082.birdGrid.brd","D01","BART","BART_082","distributed",7,"2017-06-21T12:27Z",1,"BRD.BART.2017.1",6,"Y","BTNW","Setophaga virens","species","Black-throated Green Warbler",50,"singing","No","Male",1,"JRUEB"
"7071b975-b980-4010-b92f-b06c967fb3da","BART_082.birdGrid.brd","D01","BART","BART_082","distributed",7,"2017-06-21T12:27Z",1,"BRD.BART.2017.1",1,"Y","BLBW","Setophaga fusca","species","Blackburnian Warbler",30,"singing","No","Male",1,"JRUEB"
"119c9770-6be0-439e-818c-5445d85176fb","BART_082.birdGrid.brd","D01","BART","BART_082","distributed",7,"2017-06-21T12:27Z",1,"BRD.BART.2017.1",4,"Y","WIWR","Troglodytes hiemalis","species","Winter Wren",65,"singing","No","Male",1,"JRUEB"
"906aa067-1070-4bfc-86dd-43bdd4674d4c","BART_082.birdGrid.brd","D01","BART","BART_082","distributed",7,"2017-06-21T12:27Z",1,"BRD.BART.2017.1",6,"Y","RCKI","Regulus calendula","species","Ruby-crowned Kinglet",40,"singing","No","Male",1,"JRUEB"
"91d3e52b-981b-461f-b7cb-7084eb1ba604","BART_082.birdGrid.brd","D01","BART","BART_082","distributed",7,"2017-06-21T12:27Z",1,"BRD.BART.2017.1",6,"Y","BTBW","Setophaga caerulescens","species","Black-throated Blue Warbler",25,"singing","No","Male",1,"JRUEB"
"389c47a5-a006-41a9-8214-b9a8b6e62758","BART_082.birdGrid.brd","D01","BART","BART_082","distributed",7,"2017-06-21T12:27Z",1,"BRD.BART.2017.1",1,"Y","OVEN","Seiurus aurocapilla","species","Ovenbird",45,"singing","No","Male",1,"JRUEB"
"41594405-9275-434b-a00d-cad0627c928e","BART_082.birdGrid.brd","D01","BART","BART_082","distributed",4,"2017-06-21T12:43Z",1,"BRD.BART.2017.1",2,"Y","SCTA","Piranga olivacea","species","Scarlet Tanager",70,"singing","No","Male",1,"JRUEB"
"7af03e43-263f-4598-b343-6f1aaa88482f","BART_082.birdGrid.brd","D01","BART","BART_082","distributed",4,"2017-06-21T12:43Z",1,"BRD.BART.2017.1",3,"Y","REVI","Vireo olivaceus","species","Red-eyed Vireo",40,"singing","No","Male",1,"JRUEB"
"94980d70-fe5e-4499-b42a-491e8bed2d72","BART_082.birdGrid.brd","D01","BART","BART_082","distributed",4,"2017-06-21T12:43Z",1,"BRD.BART.2017.1",5,"Y","AMRE","Setophaga ruticilla","species","American Redstart",40,"calling","No","Unknown",1,"JRUEB"
"dbfee17e-0d43-4be6-b3df-823d5b5f7308","BART_082.birdGrid.brd","D01","BART","BART_082","distributed",4,"2017-06-21T12:43Z",1,"BRD.BART.2017.1",6,"Y","WIWR","Troglodytes hiemalis","species","Winter Wren",80,"singing","No","Male",1,"JRUEB"
"39bfa692-f41f-43bc-b99f-a990450e04c2","BART_082.birdGrid.brd","D01","BART","BART_082","distributed",4,"2017-06-21T12:43Z",1,"BRD.BART.2017.1",3,"Y","RBWO","Melanerpes carolinus","species","Red-bellied Woodpecker",30,"calling","No","Unknown",1,"JRUEB"
"1780d364-2667-4860-94c7-080700fe30b9","BART_082.birdGrid.brd","D01","BART","BART_082","distributed",5,"2017-06-21T13:03Z",1,"BRD.BART.2017.1",1,"Y","BHVI","Vireo solitarius","species","Blue-headed Vireo",25,"singing","No","Male",1,"JRUEB"
"b8a4c6a0-9e60-4e34-90e0-de5f91ba0cdc","BART_082.birdGrid.brd","D01","BART","BART_082","distributed",5,"2017-06-21T13:03Z",1,"BRD.BART.2017.1",1,"Y","BLBW","Setophaga fusca","species","Blackburnian Warbler",20,"singing","No","Male",1,"JRUEB"
"e76da441-909d-4b33-bed3-48a32acf994f","BART_082.birdGrid.brd","D01","BART","BART_082","distributed",5,"2017-06-21T13:03Z",1,"BRD.BART.2017.1",2,"Y","BRCR","Certhia americana","species","Brown Creeper",15,"calling","No","Unknown",1,"JRUEB"
"40700da9-fc5f-4f6d-add2-6a8ca1d9e958","BART_082.birdGrid.brd","D01","BART","BART_082","distributed",5,"2017-06-21T13:03Z",1,"BRD.BART.2017.1",6,"Y","WIWR","Troglodytes hiemalis","species","Winter Wren",70,"singing","No","Male",1,"JRUEB"
"57c1316a-a917-4d3c-bdac-e072784e2f90","BART_082.birdGrid.brd","D01","BART","BART_082","distributed",5,"2017-06-21T13:03Z",1,"BRD.BART.2017.1",1,"Y","BHVI","Vireo solitarius","species","Blue-headed Vireo",25,"singing","No","Male",1,"JRUEB"
"5fbfdb1c-b7e9-40c3-9093-e2896b4724f4","BART_082.birdGrid.brd","D01","BART","BART_082","distributed",5,"2017-06-21T13:03Z",1,"BRD.BART.2017.1",1,"Y","HETH","Catharus guttatus","species","Hermit Thrush",45,"singing","No","Male",1,"JRUEB"
"ad80eb6f-95ff-4a47-a409-5fbdb934792a","BART_082.birdGrid.brd","D01","BART","BART_082","distributed",6,"2017-06-21T13:18Z",1,"BRD.BART.2017.1",4,"Y","AMRE","Setophaga ruticilla","species","American Redstart",35,"singing","No","Male",1,"JRUEB"
"213c270f-d291-46ee-a4f7-98b68bbd1c76","BART_082.birdGrid.brd","D01","BART","BART_082","distributed",6,"2017-06-21T13:18Z",1,"BRD.BART.2017.1",1,"Y","BTBW","Setophaga caerulescens","species","Black-throated Blue Warbler",30,"singing","No","Male",1,"JRUEB"
"5e8d8137-86ad-4a08-8053-d9805661cb7d","BART_082.birdGrid.brd","D01","BART","BART_082","distributed",6,"2017-06-21T13:18Z",1,"BRD.BART.2017.1",6,"Y","BTBW","Setophaga caerulescens","species","Black-throated Blue Warbler",35,"singing","No","Male",1,"JRUEB"
"79b57606-2ebd-4c04-b2d4-6d6d7e96c5e3","BART_082.birdGrid.brd","D01","BART","BART_082","distributed",6,"2017-06-21T13:18Z",1,"BRD.BART.2017.1",1,"Y","BLBW","Setophaga fusca","species","Blackburnian Warbler",30,"singing","No","Male",1,"JRUEB"
"2be5ac41-fb9b-48dc-b2a0-44f4349c8c9d","BART_082.birdGrid.brd","D01","BART","BART_082","distributed",6,"2017-06-21T13:18Z",1,"BRD.BART.2017.1",1,"Y","BLJA","Cyanocitta cristata","species","Blue Jay",55,"calling","No","Unknown",1,"JRUEB"
"c48f1779-320e-4111-af23-3e5ce7ea8ad8","BART_082.birdGrid.brd","D01","BART","BART_082","distributed",6,"2017-06-21T13:18Z",1,"BRD.BART.2017.1",4,"Y","OVEN","Seiurus aurocapilla","species","Ovenbird",35,"singing","No","Male",1,"JRUEB"
"930317cf-8578-4332-ba2b-cc349d8b8215","BART_082.birdGrid.brd","D01","BART","BART_082","distributed",6,"2017-06-21T13:18Z",1,"BRD.BART.2017.1",1,"Y","BHVI","Vireo solitarius","species","Blue-headed Vireo",30,"singing","No","Male",1,"JRUEB"
"f31d0dfc-8284-4d9b-b32b-dca69b467c07","BART_082.birdGrid.brd","D01","BART","BART_082","distributed",6,"2017-06-21T13:18Z",1,"BRD.BART.2017.1",1,"Y","WIWR","Troglodytes hiemalis","species","Winter Wren",50,"singing","No","Male",1,"JRUEB"
"95fc0c7f-b8dc-4fd1-bf17-bfaa0e75103c","BART_082.birdGrid.brd","D01","BART","BART_082","distributed",6,"2017-06-21T13:18Z",1,"BRD.BART.2017.1",1,"Y","BHVI","Vireo solitarius","species","Blue-headed Vireo",20,"singing","No","Male",1,"JRUEB"
"fb87bb49-ab1f-4d7a-b8b7-68734adeb2ad","BART_082.birdGrid.brd","D01","BART","BART_082","distributed",3,"2017-06-21T13:33Z",1,"BRD.BART.2017.1",4,"Y","REVI","Vireo olivaceus","species","Red-eyed Vireo",25,"singing","No","Male",1,"JRUEB"
"3cb8bc92-599d-4142-a18d-eff689ffdacc","BART_082.birdGrid.brd","D01","BART","BART_082","distributed",3,"2017-06-21T13:33Z",1,"BRD.BART.2017.1",1,"Y","HETH","Catharus guttatus","species","Hermit Thrush",70,"singing","No","Male",1,"JRUEB"
"46c35323-0bd3-46cc-81f2-a65ca567d283","BART_082.birdGrid.brd","D01","BART","BART_082","distributed",3,"2017-06-21T13:33Z",1,"BRD.BART.2017.1",1,"Y","VEER","Catharus fuscescens","species","Veery",20,"singing","No","Male",1,"JRUEB"
"d330ae00-a032-4373-a902-47ed745e8eac","BART_082.birdGrid.brd","D01","BART","BART_082","distributed",3,"2017-06-21T13:33Z",1,"BRD.BART.2017.1",3,"Y","DOWO","Picoides pubescens","species","Downy Woodpecker",20,"calling","No","Unknown",1,"JRUEB"
"92e317d9-e5a2-4a6e-8f9b-2104e66afd2a","BART_082.birdGrid.brd","D01","BART","BART_082","distributed",3,"2017-06-21T13:33Z",1,"BRD.BART.2017.1",1,"Y","BTBW","Setophaga caerulescens","species","Black-throated Blue Warbler",35,"singing","No","Male",1,"JRUEB"
"1172eeef-85ef-402b-9f76-fb8df03f36e2","BART_082.birdGrid.brd","D01","BART","BART_082","distributed",3,"2017-06-21T13:33Z",1,"BRD.BART.2017.1",1,"Y","REVI","Vireo olivaceus","species","Red-eyed Vireo",30,"singing","No","Male",1,"JRUEB"
"29d7ca30-5cad-4ba4-bcea-45566040fb5d","BART_082.birdGrid.brd","D01","BART","BART_082","distributed",2,"2017-06-21T13:46Z",1,"BRD.BART.2017.1",1,"Y","VEER","Catharus fuscescens","species","Veery",35,"calling","No","Unknown",1,"JRUEB"
"68efbb29-e556-492d-a686-fc5fd03dda0f","BART_082.birdGrid.brd","D01","BART","BART_082","distributed",2,"2017-06-21T13:46Z",1,"BRD.BART.2017.1",1,"Y","BTBW","Setophaga caerulescens","species","Black-throated Blue Warbler",40,"singing","No","Male",1,"JRUEB"
"5abc4256-1b71-4050-9a84-e6e2cca52034","BART_082.birdGrid.brd","D01","BART","BART_082","distributed",2,"2017-06-21T13:46Z",1,"BRD.BART.2017.1",1,"Y","BHVI","Vireo solitarius","species","Blue-headed Vireo",35,"singing","No","Male",1,"JRUEB"
"42e2ebcc-5b77-460d-ada7-dd71e1993962","BART_082.birdGrid.brd","D01","BART","BART_082","distributed",2,"2017-06-21T13:46Z",1,"BRD.BART.2017.1",5,"Y","OVEN","Seiurus aurocapilla","species","Ovenbird",50,"singing","No","Male",1,"JRUEB"
"7dbc8b88-04be-4332-a286-2ad36db1b213","BART_082.birdGrid.brd","D01","BART","BART_082","distributed",1,"2017-06-21T13:51Z",1,"BRD.BART.2017.1",1,"Y","WIWR","Troglodytes hiemalis","species","Winter Wren",40,"visual","Yes","Unknown",1,"JRUEB"
"2e3eb73a-5baf-448f-9250-2a5830d11ba4","BART_082.birdGrid.brd","D01","BART","BART_082","distributed",1,"2017-06-21T13:51Z",1,"BRD.BART.2017.1",2,"Y","REVI","Vireo olivaceus","species","Red-eyed Vireo",30,"singing","No","Male",1,"JRUEB"
"65f13fc8-0899-41e5-a326-1d8043457591","BART_082.birdGrid.brd","D01","BART","BART_082","distributed",1,"2017-06-21T13:51Z",1,"BRD.BART.2017.1",1,"Y","WIWR","Troglodytes hiemalis","species","Winter Wren",20,"singing","No","Male",1,"JRUEB"
"1e198b34-1798-463d-89b7-b46663e555ef","BART_015.birdGrid.brd","D01","BART","BART_015","distributed",1,"2017-06-22T09:26Z",1,"BRD.BART.2017.1",1,"Y","OVEN","Seiurus aurocapilla","species","Ovenbird",40,"singing","No","Male",1,"JRUEB"
"37a96873-4f50-4773-a0c7-6894691d3a59","BART_015.birdGrid.brd","D01","BART","BART_015","distributed",1,"2017-06-22T09:26Z",1,"BRD.BART.2017.1",2,"Y","REVI","Vireo olivaceus","species","Red-eyed Vireo",30,"singing","No","Male",1,"JRUEB"
"f7b17dbd-0d06-4e75-8fb9-a11f5ddb4314","BART_015.birdGrid.brd","D01","BART","BART_015","distributed",1,"2017-06-22T09:26Z",1,"BRD.BART.2017.1",1,"Y","OVEN","Seiurus aurocapilla","species","Ovenbird",60,"singing","No","Male",1,"JRUEB"
"91fce487-1924-492c-bf29-5bb8eeac41d6","BART_015.birdGrid.brd","D01","BART","BART_015","distributed",2,"2017-06-22T09:45Z",1,"BRD.BART.2017.1",1,"Y","BTBW","Setophaga caerulescens","species","Black-throated Blue Warbler",35,"singing","No","Male",1,"JRUEB"
"ec96bb27-6eaf-426a-a421-6751be561f21","BART_015.birdGrid.brd","D01","BART","BART_015","distributed",2,"2017-06-22T09:45Z",1,"BRD.BART.2017.1",5,"Y","AMRE","Setophaga ruticilla","species","American Redstart",45,"singing","No","Male",1,"JRUEB"
"f46057c7-b986-4c38-a5ce-ef6a5413fb67","BART_015.birdGrid.brd","D01","BART","BART_015","distributed",2,"2017-06-22T09:45Z",1,"BRD.BART.2017.1",1,"Y","REVI","Vireo olivaceus","species","Red-eyed Vireo",20,"singing","No","Male",1,"JRUEB"
"5df4d922-d172-4e1f-86f5-d238db6e25ad","BART_015.birdGrid.brd","D01","BART","BART_015","distributed",2,"2017-06-22T09:45Z",1,"BRD.BART.2017.1",1,"Y","OVEN","Seiurus aurocapilla","species","Ovenbird",60,"singing","No","Male",1,"JRUEB"
"e447d9b6-5563-49d0-9633-569600782392","BART_015.birdGrid.brd","D01","BART","BART_015","distributed",2,"2017-06-22T09:45Z",1,"BRD.BART.2017.1",1,"Y","OVEN","Seiurus aurocapilla","species","Ovenbird",40,"singing","No","Male",1,"JRUEB"
"e0ae7bd6-4c84-455c-85e1-f70811aec5b3","BART_015.birdGrid.brd","D01","BART","BART_015","distributed",3,"2017-06-22T09:59Z",1,"BRD.BART.2017.1",1,"Y","OVEN","Seiurus aurocapilla","species","Ovenbird",30,"singing","No","Male",1,"JRUEB"
"6ab63cda-ebe0-43d8-9879-072b2c10ab2f","BART_015.birdGrid.brd","D01","BART","BART_015","distributed",3,"2017-06-22T09:59Z",1,"BRD.BART.2017.1",1,"Y","BTBW","Setophaga caerulescens","species","Black-throated Blue Warbler",35,"singing","No","Male",1,"JRUEB"
"2a823efc-8a8e-4db8-ab7a-4fd048188747","BART_015.birdGrid.brd","D01","BART","BART_015","distributed",3,"2017-06-22T09:59Z",1,"BRD.BART.2017.1",2,"Y","REVI","Vireo olivaceus","species","Red-eyed Vireo",20,"singing","No","Male",1,"JRUEB"
"d539334d-1947-43e2-8c3f-b75f362cd233","BART_015.birdGrid.brd","D01","BART","BART_015","distributed",6,"2017-06-22T10:14Z",1,"BRD.BART.2017.1",3,"Y","WIWR","Troglodytes hiemalis","species","Winter Wren",40,"singing","No","Male",1,"JRUEB"
"a319bac9-b533-484e-adfa-367821b58a26","BART_015.birdGrid.brd","D01","BART","BART_015","distributed",6,"2017-06-22T10:14Z",1,"BRD.BART.2017.1",1,"Y","REVI","Vireo olivaceus","species","Red-eyed Vireo",30,"singing","No","Male",1,"JRUEB"
"f49e5ccc-ed8a-4a02-a3a0-248fafe840f7","BART_015.birdGrid.brd","D01","BART","BART_015","distributed",6,"2017-06-22T10:14Z",1,"BRD.BART.2017.1",1,"Y","BTBW","Setophaga caerulescens","species","Black-throated Blue Warbler",25,"singing","No","Male",1,"JRUEB"
"05fb5dce-0294-468e-b16e-c64bb06a549e","BART_015.birdGrid.brd","D01","BART","BART_015","distributed",6,"2017-06-22T10:14Z",1,"BRD.BART.2017.1",4,"Y","BLJA","Cyanocitta cristata","species","Blue Jay",40,"calling","No","Unknown",1,"JRUEB"
"26572a73-cfb0-46b2-932a-9bd1e35eb6b6","BART_015.birdGrid.brd","D01","BART","BART_015","distributed",6,"2017-06-22T10:14Z",1,"BRD.BART.2017.1",2,"Y","OVEN","Seiurus aurocapilla","species","Ovenbird",45,"singing","No","Male",1,"JRUEB"
"19a67fd6-d2d5-453e-b778-e91175e9876e","BART_015.birdGrid.brd","D01","BART","BART_015","distributed",5,"2017-06-22T10:30Z",1,"BRD.BART.2017.1",1,"Y","YTVI","Vireo flavifrons","species","Yellow-throated Vireo",15,"singing","No","Male",1,"JRUEB"
"d07552ee-0992-479c-bae2-84a3ed60ba15","BART_015.birdGrid.brd","D01","BART","BART_015","distributed",5,"2017-06-22T10:30Z",1,"BRD.BART.2017.1",4,"Y","BLBW","Setophaga fusca","species","Blackburnian Warbler",20,"singing","No","Male",1,"JRUEB"
"b4a750ad-42b2-46b6-a88c-43294c460f87","BART_015.birdGrid.brd","D01","BART","BART_015","distributed",5,"2017-06-22T10:30Z",1,"BRD.BART.2017.1",5,"Y","BTNW","Setophaga virens","species","Black-throated Green Warbler",35,"singing","No","Male",1,"JRUEB"
"fcff425a-a4c9-42ea-8d7a-fe27f6a728fc","BART_015.birdGrid.brd","D01","BART","BART_015","distributed",5,"2017-06-22T10:30Z",1,"BRD.BART.2017.1",1,"Y","HETH","Catharus guttatus","species","Hermit Thrush",50,"singing","No","Male",1,"JRUEB"
"d21c61df-adc4-4f71-a14e-8fa8de4abfdc","BART_015.birdGrid.brd","D01","BART","BART_015","distributed",5,"2017-06-22T10:30Z",1,"BRD.BART.2017.1",1,"Y","AMRE","Setophaga ruticilla","species","American Redstart",20,"calling","No","Unknown",1,"JRUEB"
"758233c3-6aef-4d3d-833b-8120e5f4cb7b","BART_015.birdGrid.brd","D01","BART","BART_015","distributed",4,"2017-06-22T10:46Z",1,"BRD.BART.2017.1",1,"Y","REVI","Vireo olivaceus","species","Red-eyed Vireo",40,"singing","No","Male",1,"JRUEB"
"df0714fc-249a-4ea3-9b59-d1df91cf8ce5","BART_015.birdGrid.brd","D01","BART","BART_015","distributed",4,"2017-06-22T10:46Z",1,"BRD.BART.2017.1",3,"Y","BHVI","Vireo solitarius","species","Blue-headed Vireo",20,"singing","No","Male",1,"JRUEB"
"4303a3a5-69f1-4cef-91bc-d4c29450c880","BART_015.birdGrid.brd","D01","BART","BART_015","distributed",4,"2017-06-22T10:46Z",1,"BRD.BART.2017.1",1,"Y","OVEN","Seiurus aurocapilla","species","Ovenbird",50,"singing","No","Male",1,"JRUEB"
"f331c8d6-8948-4727-967b-e4d3f15be4d5","BART_015.birdGrid.brd","D01","BART","BART_015","distributed",4,"2017-06-22T10:46Z",1,"BRD.BART.2017.1",1,"Y","BTNW","Setophaga virens","species","Black-throated Green Warbler",30,"singing","No","Male",1,"JRUEB"
"f7f6d767-76ed-4ac6-97fa-8b8521fcc764","BART_015.birdGrid.brd","D01","BART","BART_015","distributed",4,"2017-06-22T10:46Z",1,"BRD.BART.2017.1",1,"Y","HETH","Catharus guttatus","species","Hermit Thrush",35,"singing","No","Male",1,"JRUEB"
"7b17df34-25cb-42af-9de5-09768bf80b18","BART_015.birdGrid.brd","D01","BART","BART_015","distributed",7,"2017-06-22T10:59Z",1,"BRD.BART.2017.1",1,"Y","HETH","Catharus guttatus","species","Hermit Thrush",25,"singing","No","Male",1,"JRUEB"
"dd517e39-7bc5-4181-832c-9eacac696c8a","BART_015.birdGrid.brd","D01","BART","BART_015","distributed",7,"2017-06-22T10:59Z",1,"BRD.BART.2017.1",1,"Y","BCCH","Poecile atricapillus","species","Black-capped Chickadee",30,"calling","No","Unknown",1,"JRUEB"
"5e46ca68-9c7c-4d77-886f-15459aa9c064","BART_015.birdGrid.brd","D01","BART","BART_015","distributed",7,"2017-06-22T10:59Z",1,"BRD.BART.2017.1",3,"Y","OVEN","Seiurus aurocapilla","species","Ovenbird",20,"singing","No","Male",1,"JRUEB"
"9f323884-9e4c-4d0d-bff9-82645dec5248","BART_015.birdGrid.brd","D01","BART","BART_015","distributed",7,"2017-06-22T10:59Z",1,"BRD.BART.2017.1",3,"Y","REVI","Vireo olivaceus","species","Red-eyed Vireo",40,"singing","No","Male",1,"JRUEB"
"996bd828-0675-4af3-8396-249af528be91","BART_015.birdGrid.brd","D01","BART","BART_015","distributed",7,"2017-06-22T10:59Z",1,"BRD.BART.2017.1",1,"Y","BTNW","Setophaga virens","species","Black-throated Green Warbler",45,"singing","No","Male",1,"JRUEB"
"c69d0584-b013-4caf-a0a5-d0f10f73a1c1","BART_015.birdGrid.brd","D01","BART","BART_015","distributed",8,"2017-06-22T11:16Z",1,"BRD.BART.2017.1",2,"Y","OVEN","Seiurus aurocapilla","species","Ovenbird",30,"singing","No","Male",1,"JRUEB"
"ad089e03-d8fb-4922-a3fb-be70b805db9a","BART_015.birdGrid.brd","D01","BART","BART_015","distributed",8,"2017-06-22T11:16Z",1,"BRD.BART.2017.1",1,"Y","BTNW","Setophaga virens","species","Black-throated Green Warbler",40,"singing","No","Male",1,"JRUEB"
"c8dad3b0-b6c8-4b37-85e0-c117479c3401","BART_015.birdGrid.brd","D01","BART","BART_015","distributed",8,"2017-06-22T11:16Z",1,"BRD.BART.2017.1",4,"Y","REVI","Vireo olivaceus","species","Red-eyed Vireo",25,"singing","No","Male",1,"JRUEB"
"1b7c7482-3fd3-4164-a29f-e5ab2bfea209","BART_015.birdGrid.brd","D01","BART","BART_015","distributed",8,"2017-06-22T11:16Z",1,"BRD.BART.2017.1",1,"Y","REVI","Vireo olivaceus","species","Red-eyed Vireo",50,"singing","No","Male",1,"JRUEB"
"7c253aef-fbfe-4266-a998-734ea26fcb16","BART_015.birdGrid.brd","D01","BART","BART_015","distributed",9,"2017-06-22T11:34Z",1,"BRD.BART.2017.1",1,"Y","HETH","Catharus guttatus","species","Hermit Thrush",30,"singing","No","Male",1,"JRUEB"
"f7f8b1e6-700e-4a92-b5d7-dda451f95fb3","BART_015.birdGrid.brd","D01","BART","BART_015","distributed",9,"2017-06-22T11:34Z",1,"BRD.BART.2017.1",1,"Y","OVEN","Seiurus aurocapilla","species","Ovenbird",50,"singing","No","Male",1,"JRUEB"
"739fa695-e101-4195-9969-a9bc363145ef","BART_015.birdGrid.brd","D01","BART","BART_015","distributed",9,"2017-06-22T11:34Z",1,"BRD.BART.2017.1",5,"Y","BHVI","Vireo solitarius","species","Blue-headed Vireo",25,"singing","No","Male",1,"JRUEB"
"0e3f2e22-8b3f-405b-b849-b40ee6c14c71","BART_016.birdGrid.brd","D01","BART","BART_016","distributed",6,"2017-06-22T12:14Z",1,"BRD.BART.2017.1",4,"Y","REVI","Vireo olivaceus","species","Red-eyed Vireo",60,"singing","No","Male",1,"JRUEB"
"691e4daf-a6c8-4583-8ff0-a78c221da127","BART_016.birdGrid.brd","D01","BART","BART_016","distributed",6,"2017-06-22T12:14Z",1,"BRD.BART.2017.1",1,"Y","OVEN","Seiurus aurocapilla","species","Ovenbird",40,"singing","No","Male",1,"JRUEB"
"016e02e4-e443-48e7-9731-95cdc3856e79","BART_016.birdGrid.brd","D01","BART","BART_016","distributed",6,"2017-06-22T12:14Z",1,"BRD.BART.2017.1",1,"Y","BLJA","Cyanocitta cristata","species","Blue Jay",30,"singing","No","Male",1,"JRUEB"
"601e4316-5ab8-4770-b03b-31de2eee7675","BART_016.birdGrid.brd","D01","BART","BART_016","distributed",5,"2017-06-22T12:31Z",1,"BRD.BART.2017.1",1,"Y","CSWA","Setophaga pensylvanica","species","Chestnut-sided Warbler",30,"singing","No","Male",1,"JRUEB"
"fb2e058b-933e-465e-8343-118089cc1e2b","BART_016.birdGrid.brd","D01","BART","BART_016","distributed",5,"2017-06-22T12:31Z",1,"BRD.BART.2017.1",1,"Y","REVI","Vireo olivaceus","species","Red-eyed Vireo",20,"singing","No","Male",1,"JRUEB"
"b8ff4932-d2a5-4d12-8e0b-c898a38f7945","BART_016.birdGrid.brd","D01","BART","BART_016","distributed",5,"2017-06-22T12:31Z",1,"BRD.BART.2017.1",1,"Y","BTBW","Setophaga caerulescens","species","Black-throated Blue Warbler",30,"singing","No","Male",1,"JRUEB"
"7473d417-4963-4a1c-9633-56b52eebafa2","BART_016.birdGrid.brd","D01","BART","BART_016","distributed",5,"2017-06-22T12:31Z",1,"BRD.BART.2017.1",3,"Y","BTNW","Setophaga virens","species","Black-throated Green Warbler",25,"singing","No","Male",1,"JRUEB"
"157a29e9-8372-4121-beca-8b4b3c922eb9","BART_016.birdGrid.brd","D01","BART","BART_016","distributed",5,"2017-06-22T12:31Z",1,"BRD.BART.2017.1",4,"Y","AMRE","Setophaga ruticilla","species","American Redstart",20,"singing","No","Male",1,"JRUEB"
"0eb1ab1a-43da-4655-bfa0-5b45954f3eb9","BART_016.birdGrid.brd","D01","BART","BART_016","distributed",4,"2017-06-22T12:43Z",1,"BRD.BART.2017.1",1,"Y","REVI","Vireo olivaceus","species","Red-eyed Vireo",30,"singing","No","Male",1,"JRUEB"
"19e6a12d-c00a-4468-a7e8-567aef78880b","BART_016.birdGrid.brd","D01","BART","BART_016","distributed",4,"2017-06-22T12:43Z",1,"BRD.BART.2017.1",1,"Y","BTNW","Setophaga virens","species","Black-throated Green Warbler",30,"singing","No","Male",1,"JRUEB"
"803b914f-1ed9-4266-91fa-7c9bc15b6824","BART_016.birdGrid.brd","D01","BART","BART_016","distributed",4,"2017-06-22T12:43Z",1,"BRD.BART.2017.1",1,"Y","OVEN","Seiurus aurocapilla","species","Ovenbird",30,"singing","No","Male",1,"JRUEB"
"7bf449f6-96a6-4443-b378-9f8c4e77efc0","BART_016.birdGrid.brd","D01","BART","BART_016","distributed",4,"2017-06-22T12:43Z",1,"BRD.BART.2017.1",1,"Y","REVI","Vireo olivaceus","species","Red-eyed Vireo",25,"singing","No","Male",1,"JRUEB"
"e595467d-e52b-4a72-8801-94c239d76db6","BART_016.birdGrid.brd","D01","BART","BART_016","distributed",4,"2017-06-22T12:43Z",1,"BRD.BART.2017.1",3,"Y","BAWW","Mniotilta varia","species","Black-and-white Warbler",40,"singing","No","Male",1,"JRUEB"
"9ed81e0b-cb92-49a7-9551-c19215772bce","BART_016.birdGrid.brd","D01","BART","BART_016","distributed",4,"2017-06-22T12:43Z",1,"BRD.BART.2017.1",1,"Y","OVEN","Seiurus aurocapilla","species","Ovenbird",40,"singing","No","Male",1,"JRUEB"
"a688989f-d933-4e6b-9a69-67bcf1ac03ce","BART_016.birdGrid.brd","D01","BART","BART_016","distributed",7,"2017-06-22T12:59Z",1,"BRD.BART.2017.1",5,"Y","BCCH","Poecile atricapillus","species","Black-capped Chickadee",30,"calling","No","Unknown",1,"JRUEB"
"22f4a109-bd72-4813-8d18-cb97a0934637","BART_016.birdGrid.brd","D01","BART","BART_016","distributed",7,"2017-06-22T12:59Z",1,"BRD.BART.2017.1",4,"Y","OVEN","Seiurus aurocapilla","species","Ovenbird",40,"singing","No","Male",1,"JRUEB"
"0f108e32-3639-4cd4-bde1-b2ceaff7cf3c","BART_016.birdGrid.brd","D01","BART","BART_016","distributed",7,"2017-06-22T12:59Z",1,"BRD.BART.2017.1",1,"Y","REVI","Vireo olivaceus","species","Red-eyed Vireo",30,"singing","No","Male",1,"JRUEB"
"b1391346-07f8-4ce2-8fbc-9366ccdbaef8","BART_016.birdGrid.brd","D01","BART","BART_016","distributed",7,"2017-06-22T12:59Z",1,"BRD.BART.2017.1",2,"Y","DOWO","Picoides pubescens","species","Downy Woodpecker",30,"calling","No","Unknown",1,"JRUEB"
"612dd602-1c78-4e1f-8d59-eaffaa29e250","BART_016.birdGrid.brd","D01","BART","BART_016","distributed",7,"2017-06-22T12:59Z",1,"BRD.BART.2017.1",3,"Y","HETH","Catharus guttatus","species","Hermit Thrush",50,"singing","No","Male",1,"JRUEB"
"85beb14e-9d88-42cb-8e1b-985c33ebf0da","BART_016.birdGrid.brd","D01","BART","BART_016","distributed",7,"2017-06-22T12:59Z",1,"BRD.BART.2017.1",2,"Y","HETH","Catharus guttatus","species","Hermit Thrush",60,"singing","No","Male",1,"JRUEB"
"6f320583-0fa4-434d-931b-e63f1332eea5","BART_016.birdGrid.brd","D01","BART","BART_016","distributed",8,"2017-06-22T13:15Z",1,"BRD.BART.2017.1",1,"Y","REVI","Vireo olivaceus","species","Red-eyed Vireo",25,"singing","No","Male",1,"JRUEB"
"310e37d3-2dac-4c24-a15a-9142dd8b3a65","BART_016.birdGrid.brd","D01","BART","BART_016","distributed",8,"2017-06-22T13:15Z",1,"BRD.BART.2017.1",3,"Y","BTNW","Setophaga virens","species","Black-throated Green Warbler",20,"singing","No","Male",1,"JRUEB"
"3e6043a2-73e3-40c9-a667-ec7128893bf0","BART_016.birdGrid.brd","D01","BART","BART_016","distributed",8,"2017-06-22T13:15Z",1,"BRD.BART.2017.1",1,"Y","REVI","Vireo olivaceus","species","Red-eyed Vireo",40,"singing","No","Male",1,"JRUEB"
"7ec8a5b5-9a24-4ccf-b864-6f2f2476c160","BART_016.birdGrid.brd","D01","BART","BART_016","distributed",8,"2017-06-22T13:15Z",1,"BRD.BART.2017.1",3,"Y","CORA","Corvus corax","species","Common Raven",20,"flyover","No","Unknown",1,"JRUEB"
"d64798bf-54e7-4e3d-b76b-94014046a457","BART_016.birdGrid.brd","D01","BART","BART_016","distributed",8,"2017-06-22T13:15Z",1,"BRD.BART.2017.1",4,"Y","OVEN","Seiurus aurocapilla","species","Ovenbird",30,"singing","No","Male",1,"JRUEB"
"88ea618d-5653-43a1-bd14-92b66d2eb026","BART_016.birdGrid.brd","D01","BART","BART_016","distributed",9,"2017-06-22T13:29Z",1,"BRD.BART.2017.1",1,"Y","REVI","Vireo olivaceus","species","Red-eyed Vireo",25,"singing","No","Male",1,"JRUEB"
"09aceb9f-adbf-4ca4-afc3-0d31131c726b","BART_016.birdGrid.brd","D01","BART","BART_016","distributed",9,"2017-06-22T13:29Z",1,"BRD.BART.2017.1",1,"Y","BLBW","Setophaga fusca","species","Blackburnian Warbler",30,"singing","No","Male",1,"JRUEB"
"cf6f7e80-70e1-4179-a149-88bfe411510d","BART_016.birdGrid.brd","D01","BART","BART_016","distributed",9,"2017-06-22T13:29Z",1,"BRD.BART.2017.1",1,"Y","OVEN","Seiurus aurocapilla","species","Ovenbird",40,"singing","No","Male",1,"JRUEB"
"331957d5-6080-493e-9b49-c3c6a6a5376f","BART_016.birdGrid.brd","D01","BART","BART_016","distributed",2,"2017-06-22T13:48Z",1,"BRD.BART.2017.1",1,"Y","BLBW","Setophaga fusca","species","Blackburnian Warbler",15,"singing","No","Male",1,"JRUEB"
"94954bdc-c35c-43f4-a1cf-4dd9a87faceb","BART_016.birdGrid.brd","D01","BART","BART_016","distributed",2,"2017-06-22T13:48Z",1,"BRD.BART.2017.1",1,"Y","BTNW","Setophaga virens","species","Black-throated Green Warbler",25,"singing","No","Male",1,"JRUEB"
"840d969a-a15a-4f16-8983-9747e731d14f","BART_016.birdGrid.brd","D01","BART","BART_016","distributed",2,"2017-06-22T13:48Z",1,"BRD.BART.2017.1",1,"Y","BLBW","Setophaga fusca","species","Blackburnian Warbler",20,"singing","No","Male",1,"JRUEB"
"e780524b-ad49-4ecd-a63c-338d9b78d04c","BART_016.birdGrid.brd","D01","BART","BART_016","distributed",2,"2017-06-22T13:48Z",1,"BRD.BART.2017.1",2,"Y","BLBW","Setophaga fusca","species","Blackburnian Warbler",30,"singing","No","Male",1,"JRUEB"
"2b0f5d72-e3b9-405d-aa6f-6797d8f2d665","BART_016.birdGrid.brd","D01","BART","BART_016","distributed",1,"2017-06-22T14:00Z",1,"BRD.BART.2017.1",2,"Y","REVI","Vireo olivaceus","species","Red-eyed Vireo",20,"singing","No","Male",1,"JRUEB"
"d57129f8-fdec-4efb-ac06-0fdfe883d1d6","BART_016.birdGrid.brd","D01","BART","BART_016","distributed",1,"2017-06-22T14:00Z",1,"BRD.BART.2017.1",1,"Y","BTBW","Setophaga caerulescens","species","Black-throated Blue Warbler",40,"singing","No","Male",1,"JRUEB"
"a09fb71a-e329-451e-ad9a-c8af80d00cbe","BART_016.birdGrid.brd","D01","BART","BART_016","distributed",1,"2017-06-22T14:00Z",1,"BRD.BART.2017.1",4,"Y","REVI","Vireo olivaceus","species","Red-eyed Vireo",30,"singing","No","Male",1,"JRUEB"
"0bac58fa-59a0-4dc8-9b35-632c9767d97f","BART_016.birdGrid.brd","D01","BART","BART_016","distributed",1,"2017-06-22T14:00Z",1,"BRD.BART.2017.1",2,"Y","OVEN","Seiurus aurocapilla","species","Ovenbird",25,"singing","No","Male",1,"JRUEB"
"46f012bd-743c-41a2-9da6-65aa68800e2c","BART_016.birdGrid.brd","D01","BART","BART_016","distributed",3,"2017-06-22T14:15Z",1,"BRD.BART.2017.1",1,"Y","OVEN","Seiurus aurocapilla","species","Ovenbird",30,"singing","No","Male",1,"JRUEB"
"c43409db-ad67-43ab-9930-89b4bc61cff8","BART_016.birdGrid.brd","D01","BART","BART_016","distributed",3,"2017-06-22T14:15Z",1,"BRD.BART.2017.1",3,"Y","REVI","Vireo olivaceus","species","Red-eyed Vireo",40,"singing","No","Male",1,"JRUEB"
"6a705dcd-72d1-46bf-a27c-93fe5a2d92d6","BART_016.birdGrid.brd","D01","BART","BART_016","distributed",3,"2017-06-22T14:15Z",1,"BRD.BART.2017.1",2,"Y","OVEN","Seiurus aurocapilla","species","Ovenbird",20,"singing","No","Male",1,"JRUEB"
"f4db1242-637d-41ba-ab8e-6903178c2021","BART_009.birdGrid.brd","D01","BART","BART_009","distributed",7,"2017-06-27T09:33Z",1,"BRD.BART.2017.1",1,"Y","OVEN","Seiurus aurocapilla","species","Ovenbird",40,"singing","No","Male",1,"JRUEB"
"0f3e4cf2-24b2-4017-a19c-109107189c2c","BART_009.birdGrid.brd","D01","BART","BART_009","distributed",7,"2017-06-27T09:33Z",1,"BRD.BART.2017.1",1,"Y","BTBW","Setophaga caerulescens","species","Black-throated Blue Warbler",50,"singing","No","Male",1,"JRUEB"
"9990b163-4cfa-423c-97b4-fc3069c6bb78","BART_009.birdGrid.brd","D01","BART","BART_009","distributed",7,"2017-06-27T09:33Z",1,"BRD.BART.2017.1",1,"Y","SCTA","Piranga olivacea","species","Scarlet Tanager",35,"singing","No","Male",1,"JRUEB"
"a00c3f64-39b5-4fdd-a3e3-c7a23bd01c41","BART_009.birdGrid.brd","D01","BART","BART_009","distributed",7,"2017-06-27T09:33Z",1,"BRD.BART.2017.1",1,"Y","OVEN","Seiurus aurocapilla","species","Ovenbird",30,"singing","No","Male",1,"JRUEB"
"25205d01-a3e9-4655-8f15-24f3eb576bc3","BART_009.birdGrid.brd","D01","BART","BART_009","distributed",7,"2017-06-27T09:33Z",1,"BRD.BART.2017.1",5,"Y","REVI","Vireo olivaceus","species","Red-eyed Vireo",35,"singing","No","Male",1,"JRUEB"
"684263e3-13ae-4a7e-890b-6133bf4d9c00","BART_009.birdGrid.brd","D01","BART","BART_009","distributed",7,"2017-06-27T09:33Z",1,"BRD.BART.2017.1",3,"Y","UNWO","Picidae sp.","family","",60,"drumming","No","Unknown",1,"JRUEB"
"2b319eca-6d51-44fb-83b4-3bcb23a2a5bb","BART_009.birdGrid.brd","D01","BART","BART_009","distributed",7,"2017-06-27T09:33Z",1,"BRD.BART.2017.1",5,"Y","REVI","Vireo olivaceus","species","Red-eyed Vireo",30,"singing","No","Male",1,"JRUEB"
"fc2b5e22-b484-4c6d-a8f6-336e7298a8d7","BART_009.birdGrid.brd","D01","BART","BART_009","distributed",8,"2017-06-27T09:47Z",1,"BRD.BART.2017.1",1,"Y","REVI","Vireo olivaceus","species","Red-eyed Vireo",20,"singing","No","Male",1,"JRUEB"
"eee63743-8a86-4a88-9c6e-93affd29838b","BART_009.birdGrid.brd","D01","BART","BART_009","distributed",8,"2017-06-27T09:47Z",1,"BRD.BART.2017.1",4,"Y","BCCH","Poecile atricapillus","species","Black-capped Chickadee",25,"calling","No","Unknown",1,"JRUEB"
"4cfb9365-0f48-4dfc-bb1f-7270f151b3ef","BART_009.birdGrid.brd","D01","BART","BART_009","distributed",8,"2017-06-27T09:47Z",1,"BRD.BART.2017.1",4,"Y","WIWR","Troglodytes hiemalis","species","Winter Wren",80,"singing","No","Male",1,"JRUEB"
"056fde5d-d6bd-4fd4-bf75-30a3f85960f9","BART_009.birdGrid.brd","D01","BART","BART_009","distributed",8,"2017-06-27T09:47Z",1,"BRD.BART.2017.1",1,"Y","BLBW","Setophaga fusca","species","Blackburnian Warbler",40,"singing","No","Male",1,"JRUEB"
"cc2d4ef3-532c-4870-a3e4-c0bb4cb87b59","BART_009.birdGrid.brd","D01","BART","BART_009","distributed",8,"2017-06-27T09:47Z",1,"BRD.BART.2017.1",1,"Y","REVI","Vireo olivaceus","species","Red-eyed Vireo",30,"singing","No","Male",1,"JRUEB"
"dac4d5e8-ce8f-47bb-823d-0c357303e8c8","BART_009.birdGrid.brd","D01","BART","BART_009","distributed",8,"2017-06-27T09:47Z",1,"BRD.BART.2017.1",2,"Y","OVEN","Seiurus aurocapilla","species","Ovenbird",60,"singing","No","Male",1,"JRUEB"
"1a722186-e95b-4dd4-b7fe-9353a0507fde","BART_009.birdGrid.brd","D01","BART","BART_009","distributed",8,"2017-06-27T09:47Z",1,"BRD.BART.2017.1",1,"Y","BTNW","Setophaga virens","species","Black-throated Green Warbler",25,"singing","No","Male",1,"JRUEB"
"be6ac73e-3124-4a25-accf-01e5f721a03a","BART_009.birdGrid.brd","D01","BART","BART_009","distributed",8,"2017-06-27T09:47Z",1,"BRD.BART.2017.1",1,"Y","BTNW","Setophaga virens","species","Black-throated Green Warbler",20,"singing","No","Male",1,"JRUEB"
"c68a71fb-ca07-49f1-8be2-4bb866f0c944","BART_009.birdGrid.brd","D01","BART","BART_009","distributed",5,"2017-06-27T10:00Z",1,"BRD.BART.2017.1",6,"Y","DOWO","Picoides pubescens","species","Downy Woodpecker",20,"calling","No","Unknown",1,"JRUEB"
"2c107a02-354d-420a-b7b7-593ac3c34bdb","BART_009.birdGrid.brd","D01","BART","BART_009","distributed",5,"2017-06-27T10:00Z",1,"BRD.BART.2017.1",1,"Y","BTNW","Setophaga virens","species","Black-throated Green Warbler",30,"singing","No","Male",1,"JRUEB"
"9bd6393d-bf2b-4e9c-8bca-834723f66f8b","BART_009.birdGrid.brd","D01","BART","BART_009","distributed",5,"2017-06-27T10:00Z",1,"BRD.BART.2017.1",1,"Y","REVI","Vireo olivaceus","species","Red-eyed Vireo",30,"singing","No","Male",1,"JRUEB"
"e00d31c6-b03c-4a4a-aa77-42c75baec853","BART_009.birdGrid.brd","D01","BART","BART_009","distributed",5,"2017-06-27T10:00Z",1,"BRD.BART.2017.1",2,"Y","REVI","Vireo olivaceus","species","Red-eyed Vireo",15,"singing","No","Male",1,"JRUEB"
"247e6660-6a70-4a35-a9fb-28e2e151183c","BART_009.birdGrid.brd","D01","BART","BART_009","distributed",5,"2017-06-27T10:00Z",1,"BRD.BART.2017.1",1,"Y","EAWP","Contopus virens","species","Eastern Wood-Pewee",20,"calling","No","Unknown",1,"JRUEB"
"68f9396d-1ea4-47d5-a6a0-b921b8ae711e","BART_009.birdGrid.brd","D01","BART","BART_009","distributed",4,"2017-06-27T10:16Z",1,"BRD.BART.2017.1",1,"Y","BLBW","Setophaga fusca","species","Blackburnian Warbler",25,"singing","No","Male",1,"JRUEB"
"2f3fdfe0-9075-4f7c-a9f9-1c57696af519","BART_009.birdGrid.brd","D01","BART","BART_009","distributed",4,"2017-06-27T10:16Z",1,"BRD.BART.2017.1",1,"Y","OVEN","Seiurus aurocapilla","species","Ovenbird",60,"singing","No","Male",1,"JRUEB"
"a3b8cad6-4fab-47ea-a36c-b9ec53f56a0d","BART_009.birdGrid.brd","D01","BART","BART_009","distributed",4,"2017-06-27T10:16Z",1,"BRD.BART.2017.1",6,"Y","BTBW","Setophaga caerulescens","species","Black-throated Blue Warbler",30,"singing","No","Male",1,"JRUEB"
"e6011f29-a614-4cb5-816d-a3f3ee4aa877","BART_009.birdGrid.brd","D01","BART","BART_009","distributed",4,"2017-06-27T10:16Z",1,"BRD.BART.2017.1",1,"Y","REVI","Vireo olivaceus","species","Red-eyed Vireo",40,"singing","No","Male",1,"JRUEB"
"74080caa-b78f-4629-99e9-10ede1631dfc","BART_009.birdGrid.brd","D01","BART","BART_009","distributed",4,"2017-06-27T10:16Z",1,"BRD.BART.2017.1",2,"Y","REVI","Vireo olivaceus","species","Red-eyed Vireo",35,"singing","No","Male",1,"JRUEB"
"143353cd-98fd-45c7-a9e9-9bde254d74f6","BART_009.birdGrid.brd","D01","BART","BART_009","distributed",1,"2017-06-27T10:44Z",1,"BRD.BART.2017.1",1,"Y","BHVI","Vireo solitarius","species","Blue-headed Vireo",20,"singing","No","Male",1,"JRUEB"
"bbbb9b6f-e5c3-4bab-8399-777ffa16e135","BART_009.birdGrid.brd","D01","BART","BART_009","distributed",1,"2017-06-27T10:44Z",1,"BRD.BART.2017.1",1,"Y","BRCR","Certhia americana","species","Brown Creeper",30,"singing","No","Male",1,"JRUEB"
"3d3c7d44-f090-4fe8-9435-0eaf24ab27e0","BART_009.birdGrid.brd","D01","BART","BART_009","distributed",1,"2017-06-27T10:44Z",1,"BRD.BART.2017.1",1,"Y","REVI","Vireo olivaceus","species","Red-eyed Vireo",30,"singing","No","Male",1,"JRUEB"
"f9b5f900-0605-4708-a522-4dc1c008404e","BART_009.birdGrid.brd","D01","BART","BART_009","distributed",1,"2017-06-27T10:44Z",1,"BRD.BART.2017.1",1,"Y","GCKI","Regulus satrapa","species","Golden-crowned Kinglet",15,"singing","No","Male",1,"JRUEB"
"566c0cc2-d4da-436c-8fdf-2786e2254f03","BART_009.birdGrid.brd","D01","BART","BART_009","distributed",2,"2017-06-27T10:58Z",1,"BRD.BART.2017.1",3,"Y","PIWO","Dryocopus pileatus","species","Pileated Woodpecker",40,"calling","No","Unknown",1,"JRUEB"
"6ec94910-636c-4a1c-8786-1d90279c1c1d","BART_009.birdGrid.brd","D01","BART","BART_009","distributed",2,"2017-06-27T10:58Z",1,"BRD.BART.2017.1",3,"Y","OVEN","Seiurus aurocapilla","species","Ovenbird",50,"singing","No","Male",1,"JRUEB"
"d8cf37cc-1e74-48b3-9667-d64639f9f45b","BART_009.birdGrid.brd","D01","BART","BART_009","distributed",2,"2017-06-27T10:58Z",1,"BRD.BART.2017.1",4,"Y","AMRE","Setophaga ruticilla","species","American Redstart",45,"singing","No","Male",1,"JRUEB"
"1b1bd55c-bb34-4d9c-a147-62143e6fa902","BART_009.birdGrid.brd","D01","BART","BART_009","distributed",2,"2017-06-27T10:58Z",1,"BRD.BART.2017.1",1,"Y","BTBW","Setophaga caerulescens","species","Black-throated Blue Warbler",35,"singing","No","Male",1,"JRUEB"
"c856049b-fe9a-4e16-bbdb-dc8b6b029593","BART_009.birdGrid.brd","D01","BART","BART_009","distributed",2,"2017-06-27T10:58Z",1,"BRD.BART.2017.1",1,"Y","OVEN","Seiurus aurocapilla","species","Ovenbird",40,"singing","No","Male",1,"JRUEB"
"a7afb87c-eeb8-467d-ac6c-75faac1ff455","BART_009.birdGrid.brd","D01","BART","BART_009","distributed",2,"2017-06-27T10:58Z",1,"BRD.BART.2017.1",1,"Y","BTNW","Setophaga virens","species","Black-throated Green Warbler",30,"singing","No","Male",1,"JRUEB"
"6d686324-0f42-4526-ac75-20e5a5276648","BART_009.birdGrid.brd","D01","BART","BART_009","distributed",2,"2017-06-27T10:58Z",1,"BRD.BART.2017.1",1,"Y","BAWW","Mniotilta varia","species","Black-and-white Warbler",20,"singing","No","Male",1,"JRUEB"
"a3c826b7-1bff-4414-9ab9-e21f4420cac2","BART_009.birdGrid.brd","D01","BART","BART_009","distributed",2,"2017-06-27T10:58Z",1,"BRD.BART.2017.1",5,"Y","GCKI","Regulus satrapa","species","Golden-crowned Kinglet",65,"singing","No","Male",1,"JRUEB"
"149ac2e8-8e67-4d4a-aa15-2780bac39ed4","BART_009.birdGrid.brd","D01","BART","BART_009","distributed",6,"2017-06-27T11:08Z",1,"BRD.BART.2017.1",1,"Y","REVI","Vireo olivaceus","species","Red-eyed Vireo",15,"singing","No","Male",1,"JRUEB"
"a37d7576-23e7-423d-bd63-2b370c5a7bc0","BART_009.birdGrid.brd","D01","BART","BART_009","distributed",6,"2017-06-27T11:08Z",1,"BRD.BART.2017.1",1,"Y","SCTA","Piranga olivacea","species","Scarlet Tanager",10,"singing","No","Male",1,"JRUEB"
"f1c51761-409a-4449-a898-7a8b10829362","BART_009.birdGrid.brd","D01","BART","BART_009","distributed",6,"2017-06-27T11:08Z",1,"BRD.BART.2017.1",1,"Y","REVI","Vireo olivaceus","species","Red-eyed Vireo",20,"singing","No","Male",1,"JRUEB"
"c185a8f3-26f7-42d9-a868-8c395cbf1252","BART_009.birdGrid.brd","D01","BART","BART_009","distributed",6,"2017-06-27T11:08Z",1,"BRD.BART.2017.1",1,"Y","BTNW","Setophaga virens","species","Black-throated Green Warbler",60,"singing","No","Male",1,"JRUEB"
"7d828275-44af-410d-94d2-9087b61cf648","BART_009.birdGrid.brd","D01","BART","BART_009","distributed",6,"2017-06-27T11:08Z",1,"BRD.BART.2017.1",1,"Y","REVI","Vireo olivaceus","species","Red-eyed Vireo",25,"singing","No","Male",1,"JRUEB"
"2a0f0285-298e-411a-b29a-5487e59a1fa6","BART_009.birdGrid.brd","D01","BART","BART_009","distributed",6,"2017-06-27T11:08Z",1,"BRD.BART.2017.1",3,"Y","BTBW","Setophaga caerulescens","species","Black-throated Blue Warbler",25,"singing","No","Male",1,"JRUEB"
"3938521c-0653-4bae-b308-1d3d6dbeb231","BART_009.birdGrid.brd","D01","BART","BART_009","distributed",6,"2017-06-27T11:08Z",1,"BRD.BART.2017.1",1,"Y","OVEN","Seiurus aurocapilla","species","Ovenbird",50,"singing","No","Male",1,"JRUEB"
"3115f3a8-d064-42ac-8202-05537c837eab","BART_009.birdGrid.brd","D01","BART","BART_009","distributed",9,"2017-06-27T11:25Z",1,"BRD.BART.2017.1",3,"Y","REVI","Vireo olivaceus","species","Red-eyed Vireo",25,"singing","No","Male",1,"JRUEB"
"1a781023-d450-41d0-aad9-da03e793a674","BART_009.birdGrid.brd","D01","BART","BART_009","distributed",9,"2017-06-27T11:25Z",1,"BRD.BART.2017.1",1,"Y","CSWA","Setophaga pensylvanica","species","Chestnut-sided Warbler",40,"singing","No","Male",1,"JRUEB"
"a6474313-ebcb-46a6-9e6c-aabf96191797","BART_009.birdGrid.brd","D01","BART","BART_009","distributed",9,"2017-06-27T11:25Z",1,"BRD.BART.2017.1",5,"Y","OVEN","Seiurus aurocapilla","species","Ovenbird",25,"singing","No","Male",1,"JRUEB"
"56bcf8f2-5111-4df4-b41b-c435a8f0ce4f","BART_009.birdGrid.brd","D01","BART","BART_009","distributed",9,"2017-06-27T11:25Z",1,"BRD.BART.2017.1",1,"Y","BTNW","Setophaga virens","species","Black-throated Green Warbler",40,"singing","No","Male",1,"JRUEB"
"d4389db5-d5a2-43d4-a0c6-498872385158","BART_009.birdGrid.brd","D01","BART","BART_009","distributed",9,"2017-06-27T11:25Z",1,"BRD.BART.2017.1",1,"Y","BHVI","Vireo solitarius","species","Blue-headed Vireo",25,"singing","No","Male",1,"JRUEB"
"6f4009df-d479-4209-9dab-03cbc9d1fbf2","BART_009.birdGrid.brd","D01","BART","BART_009","distributed",9,"2017-06-27T11:25Z",1,"BRD.BART.2017.1",1,"Y","BLBW","Setophaga fusca","species","Blackburnian Warbler",35,"singing","No","Male",1,"JRUEB"
"51849c18-4a5c-4aa2-beee-4259630a56fc","BART_009.birdGrid.brd","D01","BART","BART_009","distributed",9,"2017-06-27T11:25Z",1,"BRD.BART.2017.1",3,"Y","CSWA","Setophaga pensylvanica","species","Chestnut-sided Warbler",40,"singing","No","Male",1,"JRUEB"
"cb1ac5c0-302d-4c88-bc07-5a97f64021a0","BART_009.birdGrid.brd","D01","BART","BART_009","distributed",3,"2017-06-27T11:45Z",1,"BRD.BART.2017.1",5,"Y","BTNW","Setophaga virens","species","Black-throated Green Warbler",20,"singing","No","Male",1,"JRUEB"
"21def910-be5d-432a-8d4d-e9e9ec62ffd8","BART_009.birdGrid.brd","D01","BART","BART_009","distributed",3,"2017-06-27T11:45Z",1,"BRD.BART.2017.1",1,"Y","SWTH","Catharus ustulatus","species","Swainson's Thrush",15,"visual","Yes","Unknown",1,"JRUEB"
"093b8cc4-0ba8-4f2a-a1c1-13da4b2a3bdc","BART_009.birdGrid.brd","D01","BART","BART_009","distributed",3,"2017-06-27T11:45Z",1,"BRD.BART.2017.1",4,"Y","OVEN","Seiurus aurocapilla","species","Ovenbird",45,"singing","No","Male",1,"JRUEB"
"65b07b8a-b295-4ef9-88c0-7e85d56ef11e","BART_009.birdGrid.brd","D01","BART","BART_009","distributed",3,"2017-06-27T11:45Z",1,"BRD.BART.2017.1",3,"Y","REVI","Vireo olivaceus","species","Red-eyed Vireo",30,"singing","No","Male",1,"JRUEB"
"aceb0175-3594-4c96-abb8-02441e77118b","BART_009.birdGrid.brd","D01","BART","BART_009","distributed",3,"2017-06-27T11:45Z",1,"BRD.BART.2017.1",3,"Y","BTBW","Setophaga caerulescens","species","Black-throated Blue Warbler",20,"singing","No","Male",1,"JRUEB"
"9c3a5122-0202-4c52-a456-ce8c751bd020","BART_009.birdGrid.brd","D01","BART","BART_009","distributed",3,"2017-06-27T11:45Z",1,"BRD.BART.2017.1",2,"Y","WBNU","Sitta carolinensis","species","White-breasted Nuthatch",10,"visual","Yes","Unknown",1,"JRUEB"
"d34a0ca4-9465-4a31-a08c-e6ef18cec29c","BART_009.birdGrid.brd","D01","BART","BART_009","distributed",3,"2017-06-27T11:45Z",1,"BRD.BART.2017.1",1,"Y","REVI","Vireo olivaceus","species","Red-eyed Vireo",20,"singing","No","Male",1,"JRUEB"
"697af9bc-abeb-4d37-a130-4ac080143745","BART_009.birdGrid.brd","D01","BART","BART_009","distributed",3,"2017-06-27T11:45Z",1,"BRD.BART.2017.1",1,"Y","SCTA","Piranga olivacea","species","Scarlet Tanager",30,"singing","No","Male",1,"JRUEB"
"4daab230-c1f8-4784-b6a1-6620fc1f6f80","BART_009.birdGrid.brd","D01","BART","BART_009","distributed",3,"2017-06-27T11:45Z",1,"BRD.BART.2017.1",4,"Y","RTHU","Archilochus colubris","species","Ruby-throated Hummingbird",10,"visual","Yes","Unknown",1,"JRUEB"
"e8fe04d6-9209-44d5-aa86-aee8c69e9e9c","BART_012.birdGrid.brd","D01","BART","BART_012","distributed",9,"2017-06-27T12:16Z",1,"BRD.BART.2017.1",1,"Y","REVI","Vireo olivaceus","species","Red-eyed Vireo",25,"singing","No","Male",1,"JRUEB"
"b10c59be-92a1-4a89-b715-350c1149de99","BART_012.birdGrid.brd","D01","BART","BART_012","distributed",9,"2017-06-27T12:16Z",1,"BRD.BART.2017.1",1,"Y","VEER","Catharus fuscescens","species","Veery",60,"singing","No","Male",1,"JRUEB"
"c389eca1-d8b3-4072-a3c4-6fcbed555928","BART_012.birdGrid.brd","D01","BART","BART_012","distributed",9,"2017-06-27T12:16Z",1,"BRD.BART.2017.1",1,"Y","BTNW","Setophaga virens","species","Black-throated Green Warbler",30,"singing","No","Male",1,"JRUEB"
"2b04b414-d283-4753-8807-3eec672f0d08","BART_012.birdGrid.brd","D01","BART","BART_012","distributed",9,"2017-06-27T12:16Z",1,"BRD.BART.2017.1",1,"Y","REVI","Vireo olivaceus","species","Red-eyed Vireo",40,"singing","No","Male",1,"JRUEB"
"e83c7900-7e4d-42c3-a2a2-4689e10247d5","BART_012.birdGrid.brd","D01","BART","BART_012","distributed",8,"2017-06-27T12:34Z",1,"BRD.BART.2017.1",2,"Y","WIWR","Troglodytes hiemalis","species","Winter Wren",90,"singing","No","Male",1,"JRUEB"
"c95ee982-b9be-4193-94d5-364e5820b260","BART_012.birdGrid.brd","D01","BART","BART_012","distributed",8,"2017-06-27T12:34Z",1,"BRD.BART.2017.1",3,"Y","BTBW","Setophaga caerulescens","species","Black-throated Blue Warbler",30,"singing","No","Male",1,"JRUEB"
"ddce5a3a-75a4-4b92-8544-8ae569ad89a1","BART_012.birdGrid.brd","D01","BART","BART_012","distributed",8,"2017-06-27T12:34Z",1,"BRD.BART.2017.1",1,"Y","OVEN","Seiurus aurocapilla","species","Ovenbird",35,"singing","No","Male",1,"JRUEB"
"c53a8be3-ec4c-4d14-8343-356348d8427c","BART_012.birdGrid.brd","D01","BART","BART_012","distributed",8,"2017-06-27T12:34Z",1,"BRD.BART.2017.1",1,"Y","REVI","Vireo olivaceus","species","Red-eyed Vireo",25,"singing","No","Male",1,"JRUEB"
"76f5e94b-e1e9-4ad1-9996-fa9e593a2456","BART_012.birdGrid.brd","D01","BART","BART_012","distributed",8,"2017-06-27T12:34Z",1,"BRD.BART.2017.1",1,"Y","REVI","Vireo olivaceus","species","Red-eyed Vireo",40,"singing","No","Male",1,"JRUEB"
"10f1fa28-02c2-4456-b94e-1f378112b591","BART_012.birdGrid.brd","D01","BART","BART_012","distributed",8,"2017-06-27T12:34Z",1,"BRD.BART.2017.1",1,"Y","MODO","Zenaida macroura","species","Mourning Dove",80,"singing","No","Male",1,"JRUEB"
"7c5213d9-fa57-4273-ba15-87c945cb3ca7","BART_012.birdGrid.brd","D01","BART","BART_012","distributed",7,"2017-06-27T12:49Z",1,"BRD.BART.2017.1",2,"Y","REVI","Vireo olivaceus","species","Red-eyed Vireo",20,"singing","No","Male",1,"JRUEB"
"3dc29fca-4905-4a86-aa83-1115ac981c82","BART_012.birdGrid.brd","D01","BART","BART_012","distributed",7,"2017-06-27T12:49Z",1,"BRD.BART.2017.1",1,"Y","REVI","Vireo olivaceus","species","Red-eyed Vireo",30,"singing","No","Male",1,"JRUEB"
"ed4be0d9-37fc-48eb-9cbd-6682734388d9","BART_012.birdGrid.brd","D01","BART","BART_012","distributed",7,"2017-06-27T12:49Z",1,"BRD.BART.2017.1",1,"Y","OVEN","Seiurus aurocapilla","species","Ovenbird",25,"singing","No","Male",1,"JRUEB"
"9af7c7e0-a836-4e8a-81c0-3651ba44c7ca","BART_012.birdGrid.brd","D01","BART","BART_012","distributed",7,"2017-06-27T12:49Z",1,"BRD.BART.2017.1",1,"Y","UNWO","Picidae sp.","family","",15,"drumming","No","Unknown",1,"JRUEB"
"3a607a3b-3a66-4428-a16b-86e010c9d638","BART_012.birdGrid.brd","D01","BART","BART_012","distributed",4,"2017-06-27T13:13Z",1,"BRD.BART.2017.1",1,"Y","BTNW","Setophaga virens","species","Black-throated Green Warbler",40,"singing","No","Male",1,"JRUEB"
"696724d0-7818-43d5-ab80-760b11530516","BART_012.birdGrid.brd","D01","BART","BART_012","distributed",4,"2017-06-27T13:13Z",1,"BRD.BART.2017.1",4,"Y","REVI","Vireo olivaceus","species","Red-eyed Vireo",35,"singing","No","Male",1,"JRUEB"
"626295c7-5eda-42ce-bfe1-1b8c374dea67","BART_012.birdGrid.brd","D01","BART","BART_012","distributed",4,"2017-06-27T13:13Z",1,"BRD.BART.2017.1",2,"Y","BLBW","Setophaga fusca","species","Blackburnian Warbler",40,"singing","No","Male",1,"JRUEB"
"e032d1ae-33b2-48f7-b534-ba1bbbfa9724","BART_012.birdGrid.brd","D01","BART","BART_012","distributed",1,"2017-06-27T13:28Z",1,"BRD.BART.2017.1",1,"Y","BLBW","Setophaga fusca","species","Blackburnian Warbler",30,"singing","No","Male",1,"JRUEB"
"e79f7df5-67e8-43b6-83cb-e6f3b13fcf8b","BART_012.birdGrid.brd","D01","BART","BART_012","distributed",1,"2017-06-27T13:28Z",1,"BRD.BART.2017.1",3,"Y","HETH","Catharus guttatus","species","Hermit Thrush",45,"singing","No","Male",1,"JRUEB"
"abd4351d-ec2c-4103-bbb4-2367e82696de","BART_012.birdGrid.brd","D01","BART","BART_012","distributed",1,"2017-06-27T13:28Z",1,"BRD.BART.2017.1",1,"Y","BLBW","Setophaga fusca","species","Blackburnian Warbler",10,"singing","No","Male",1,"JRUEB"
"5574591e-6cd0-4d24-b444-ab591c6f3997","BART_012.birdGrid.brd","D01","BART","BART_012","distributed",1,"2017-06-27T13:28Z",1,"BRD.BART.2017.1",1,"Y","REVI","Vireo olivaceus","species","Red-eyed Vireo",15,"singing","No","Male",1,"JRUEB"
"a3a6e488-8514-444e-964e-7c6e26ccdb71","BART_012.birdGrid.brd","D01","BART","BART_012","distributed",1,"2017-06-27T13:28Z",1,"BRD.BART.2017.1",1,"Y","REVI","Vireo olivaceus","species","Red-eyed Vireo",20,"singing","No","Male",1,"JRUEB"
"07652a98-3cc6-4421-9acd-76ffc8c9d89f","BART_012.birdGrid.brd","D01","BART","BART_012","distributed",2,"2017-06-27T13:43Z",1,"BRD.BART.2017.1",2,"Y","VEER","Catharus fuscescens","species","Veery",20,"calling","No","Unknown",1,"JRUEB"
"3e287592-d08e-40e0-a357-5c3d45c3db84","BART_012.birdGrid.brd","D01","BART","BART_012","distributed",2,"2017-06-27T13:43Z",1,"BRD.BART.2017.1",2,"Y","DOWO","Picoides pubescens","species","Downy Woodpecker",35,"drumming","No","Unknown",1,"JRUEB"
"94230128-7d1d-4d6d-b8d7-b7bfdf2578f9","BART_012.birdGrid.brd","D01","BART","BART_012","distributed",2,"2017-06-27T13:43Z",1,"BRD.BART.2017.1",4,"Y","REVI","Vireo olivaceus","species","Red-eyed Vireo",30,"singing","No","Male",1,"JRUEB"
"2afda883-1172-4260-91a1-6d7d6f36d45f","BART_012.birdGrid.brd","D01","BART","BART_012","distributed",3,"2017-06-27T13:56Z",1,"BRD.BART.2017.1",1,"Y","REVI","Vireo olivaceus","species","Red-eyed Vireo",20,"singing","No","Male",1,"JRUEB"
"68702be3-35e0-4215-98f9-1a3018d343a0","BART_012.birdGrid.brd","D01","BART","BART_012","distributed",3,"2017-06-27T13:56Z",1,"BRD.BART.2017.1",1,"Y","BLBW","Setophaga fusca","species","Blackburnian Warbler",25,"singing","No","Male",1,"JRUEB"
"419c36bf-5602-4988-abee-953b41d432a5","BART_012.birdGrid.brd","D01","BART","BART_012","distributed",3,"2017-06-27T13:56Z",1,"BRD.BART.2017.1",1,"Y","BLBW","Setophaga fusca","species","Blackburnian Warbler",15,"singing","No","Male",1,"JRUEB"
"760badf3-bc46-43e6-9f54-f7051877d352","BART_012.birdGrid.brd","D01","BART","BART_012","distributed",3,"2017-06-27T13:56Z",1,"BRD.BART.2017.1",4,"Y","VEER","Catharus fuscescens","species","Veery",45,"calling","No","Unknown",1,"JRUEB"
"91bc91f6-f8e9-4f98-a312-6ad46719fc38","BART_012.birdGrid.brd","D01","BART","BART_012","distributed",5,"2017-06-28T09:39Z",1,"BRD.BART.2017.1",3,"Y","SCTA","Piranga olivacea","species","Scarlet Tanager",35,"singing","No","Male",1,"JRUEB"
"2f05985b-5c0e-4ac7-abc6-d98e66c1c313","BART_012.birdGrid.brd","D01","BART","BART_012","distributed",5,"2017-06-28T09:39Z",1,"BRD.BART.2017.1",1,"Y","REVI","Vireo olivaceus","species","Red-eyed Vireo",20,"singing","No","Male",1,"JRUEB"
"858b83c2-fe46-4dc9-b7e5-194e0b17cfca","BART_012.birdGrid.brd","D01","BART","BART_012","distributed",5,"2017-06-28T09:39Z",1,"BRD.BART.2017.1",1,"Y","BTBW","Setophaga caerulescens","species","Black-throated Blue Warbler",30,"singing","No","Male",1,"JRUEB"
"4fea60ba-a624-46b6-bd69-8e5748661a0a","BART_012.birdGrid.brd","D01","BART","BART_012","distributed",5,"2017-06-28T09:39Z",1,"BRD.BART.2017.1",2,"Y","DOWO","Picoides pubescens","species","Downy Woodpecker",40,"calling","No","Unknown",1,"JRUEB"
"c817f6d7-e74b-4ae2-96ab-7b0fa721ad21","BART_012.birdGrid.brd","D01","BART","BART_012","distributed",6,"2017-06-28T09:52Z",1,"BRD.BART.2017.1",3,"Y","REVI","Vireo olivaceus","species","Red-eyed Vireo",40,"singing","No","Male",1,"JRUEB"
"ba9fa4f4-0b26-402b-8bdc-b658442f1acb","BART_012.birdGrid.brd","D01","BART","BART_012","distributed",6,"2017-06-28T09:52Z",1,"BRD.BART.2017.1",1,"Y","REVI","Vireo olivaceus","species","Red-eyed Vireo",35,"singing","No","Male",1,"JRUEB"
"6c19d000-b5bb-46a2-8ace-31dfca8e5bf6","BART_004.birdGrid.brd","D01","BART","BART_004","distributed",1,"2017-06-28T10:27Z",1,"BRD.BART.2017.1",3,"Y","GCFL","Myiarchus crinitus","species","Great Crested Flycatcher",40,"calling","No","Unknown",1,"JRUEB"
"3f4d7cf7-ab14-471c-b34d-96d454fd43f0","BART_004.birdGrid.brd","D01","BART","BART_004","distributed",1,"2017-06-28T10:27Z",1,"BRD.BART.2017.1",1,"Y","REVI","Vireo olivaceus","species","Red-eyed Vireo",40,"singing","No","Male",1,"JRUEB"
"78c7236a-0dba-4d58-abfd-4880bce592c1","BART_004.birdGrid.brd","D01","BART","BART_004","distributed",1,"2017-06-28T10:27Z",1,"BRD.BART.2017.1",4,"Y","RBWO","Melanerpes carolinus","species","Red-bellied Woodpecker",35,"calling","No","Unknown",1,"JRUEB"
"82b44478-8d01-4bba-94c3-2a4f5d39ff7b","BART_004.birdGrid.brd","D01","BART","BART_004","distributed",1,"2017-06-28T10:27Z",1,"BRD.BART.2017.1",1,"Y","BTNW","Setophaga virens","species","Black-throated Green Warbler",25,"singing","No","Male",1,"JRUEB"
"3bde7024-1a53-40cd-ada0-7e98ea8c2f98","BART_004.birdGrid.brd","D01","BART","BART_004","distributed",1,"2017-06-28T10:27Z",1,"BRD.BART.2017.1",1,"Y","REVI","Vireo olivaceus","species","Red-eyed Vireo",35,"singing","No","Male",1,"JRUEB"
"62de4d87-ccf1-48a9-b7a9-860b296e7e70","BART_004.birdGrid.brd","D01","BART","BART_004","distributed",1,"2017-06-28T10:27Z",1,"BRD.BART.2017.1",4,"Y","AMRE","Setophaga ruticilla","species","American Redstart",30,"singing","No","Male",1,"JRUEB"
"e6446ed4-c26e-43f7-8ed5-4133ff181c22","BART_004.birdGrid.brd","D01","BART","BART_004","distributed",1,"2017-06-28T10:27Z",1,"BRD.BART.2017.1",1,"Y","OVEN","Seiurus aurocapilla","species","Ovenbird",40,"singing","No","Male",1,"JRUEB"
"9c44c387-a6de-4c5f-9c1f-a6cd791edb72","BART_004.birdGrid.brd","D01","BART","BART_004","distributed",1,"2017-06-28T10:27Z",1,"BRD.BART.2017.1",2,"Y","BHVI","Vireo solitarius","species","Blue-headed Vireo",30,"singing","No","Male",1,"JRUEB"
"a57096cb-296c-44a0-9c17-b027e132f460","BART_004.birdGrid.brd","D01","BART","BART_004","distributed",4,"2017-06-28T10:42Z",1,"BRD.BART.2017.1",1,"Y","RBWO","Melanerpes carolinus","species","Red-bellied Woodpecker",35,"calling","No","Unknown",1,"JRUEB"
"32e3837a-dc07-4c6d-b088-866f40c183db","BART_004.birdGrid.brd","D01","BART","BART_004","distributed",4,"2017-06-28T10:42Z",1,"BRD.BART.2017.1",1,"Y","REVI","Vireo olivaceus","species","Red-eyed Vireo",25,"singing","No","Male",1,"JRUEB"
"744869b2-2d43-4ac1-8ff2-ed38782c8fa3","BART_004.birdGrid.brd","D01","BART","BART_004","distributed",4,"2017-06-28T10:42Z",1,"BRD.BART.2017.1",1,"Y","BLBW","Setophaga fusca","species","Blackburnian Warbler",20,"singing","No","Male",1,"JRUEB"
"3bfab3f7-8014-434f-9645-87093d7cb97e","BART_004.birdGrid.brd","D01","BART","BART_004","distributed",4,"2017-06-28T10:42Z",1,"BRD.BART.2017.1",1,"Y","YTVI","Vireo flavifrons","species","Yellow-throated Vireo",20,"singing","No","Male",1,"JRUEB"
"abcf9b3f-763f-4eda-934b-738deb2b9605","BART_004.birdGrid.brd","D01","BART","BART_004","distributed",4,"2017-06-28T10:42Z",1,"BRD.BART.2017.1",1,"Y","OVEN","Seiurus aurocapilla","species","Ovenbird",30,"singing","No","Male",1,"JRUEB"
"3a78edbc-7ca1-4e14-9e98-b65f73d3860b","BART_004.birdGrid.brd","D01","BART","BART_004","distributed",4,"2017-06-28T10:42Z",1,"BRD.BART.2017.1",3,"Y","BTNW","Setophaga virens","species","Black-throated Green Warbler",40,"singing","No","Male",1,"JRUEB"
"fb67c6e2-c328-49ba-a7a4-26255c145955","BART_004.birdGrid.brd","D01","BART","BART_004","distributed",7,"2017-06-28T10:56Z",1,"BRD.BART.2017.1",1,"Y","OVEN","Seiurus aurocapilla","species","Ovenbird",40,"singing","No","Male",1,"JRUEB"
"dc8ff431-b93c-4a41-bc90-a581e7b166b9","BART_004.birdGrid.brd","D01","BART","BART_004","distributed",7,"2017-06-28T10:56Z",1,"BRD.BART.2017.1",1,"Y","REVI","Vireo olivaceus","species","Red-eyed Vireo",30,"singing","No","Male",1,"JRUEB"
"a3c6e8a1-954c-40ab-97e4-7993f685e8f4","BART_004.birdGrid.brd","D01","BART","BART_004","distributed",7,"2017-06-28T10:56Z",1,"BRD.BART.2017.1",1,"Y","REVI","Vireo olivaceus","species","Red-eyed Vireo",15,"singing","No","Male",1,"JRUEB"
"bc0f15c6-f088-4571-b7a6-c7fc9fd455c0","BART_004.birdGrid.brd","D01","BART","BART_004","distributed",7,"2017-06-28T10:56Z",1,"BRD.BART.2017.1",1,"Y","BTNW","Setophaga virens","species","Black-throated Green Warbler",25,"singing","No","Male",1,"JRUEB"
"42e95fe3-3e2d-4f78-9b9d-c34952ce7a9f","BART_004.birdGrid.brd","D01","BART","BART_004","distributed",7,"2017-06-28T10:56Z",1,"BRD.BART.2017.1",1,"Y","BLBW","Setophaga fusca","species","Blackburnian Warbler",30,"singing","No","Male",1,"JRUEB"
"9aa5bd05-9593-4202-9a9e-357227392b6c","BART_004.birdGrid.brd","D01","BART","BART_004","distributed",8,"2017-06-28T11:09Z",1,"BRD.BART.2017.1",1,"Y","REVI","Vireo olivaceus","species","Red-eyed Vireo",45,"singing","No","Male",1,"JRUEB"
"d037656e-e440-4931-b393-0df42e6dd1b7","BART_004.birdGrid.brd","D01","BART","BART_004","distributed",8,"2017-06-28T11:09Z",1,"BRD.BART.2017.1",1,"Y","OVEN","Seiurus aurocapilla","species","Ovenbird",20,"singing","No","Male",1,"JRUEB"
"835502aa-5329-4c88-a1d3-93d760377aea","BART_004.birdGrid.brd","D01","BART","BART_004","distributed",8,"2017-06-28T11:09Z",1,"BRD.BART.2017.1",1,"Y","BTNW","Setophaga virens","species","Black-throated Green Warbler",20,"singing","No","Male",1,"JRUEB"
"11f7e53f-c3c4-491c-8695-fab4f64a3029","BART_004.birdGrid.brd","D01","BART","BART_004","distributed",8,"2017-06-28T11:09Z",1,"BRD.BART.2017.1",1,"Y","OVEN","Seiurus aurocapilla","species","Ovenbird",60,"singing","No","Male",1,"JRUEB"
"209c097d-5238-4010-a52c-3c312bd00f42","BART_004.birdGrid.brd","D01","BART","BART_004","distributed",8,"2017-06-28T11:09Z",1,"BRD.BART.2017.1",1,"Y","REVI","Vireo olivaceus","species","Red-eyed Vireo",25,"singing","No","Male",1,"JRUEB"
"d922ffc4-4252-4f9f-b1a6-04b5d873f64f","BART_004.birdGrid.brd","D01","BART","BART_004","distributed",8,"2017-06-28T11:09Z",1,"BRD.BART.2017.1",2,"Y","BTBW","Setophaga caerulescens","species","Black-throated Blue Warbler",25,"singing","No","Male",1,"JRUEB"
"17b0fe34-f9ea-4028-a4e7-43d516f02a75","BART_004.birdGrid.brd","D01","BART","BART_004","distributed",9,"2017-06-28T11:22Z",1,"BRD.BART.2017.1",2,"Y","BTBW","Setophaga caerulescens","species","Black-throated Blue Warbler",30,"singing","No","Male",1,"JRUEB"
"98d69bc6-e54e-4ece-a9e0-b33b58732c3c","BART_004.birdGrid.brd","D01","BART","BART_004","distributed",9,"2017-06-28T11:22Z",1,"BRD.BART.2017.1",1,"Y","BTNW","Setophaga virens","species","Black-throated Green Warbler",30,"singing","No","Male",1,"JRUEB"
"5264bffc-9559-4b75-bbfc-fba689ed573f","BART_004.birdGrid.brd","D01","BART","BART_004","distributed",9,"2017-06-28T11:22Z",1,"BRD.BART.2017.1",1,"Y","REVI","Vireo olivaceus","species","Red-eyed Vireo",35,"singing","No","Male",1,"JRUEB"
"b05a3b5d-7b0a-4a49-958f-2e40a4ad864d","BART_004.birdGrid.brd","D01","BART","BART_004","distributed",9,"2017-06-28T11:22Z",1,"BRD.BART.2017.1",1,"Y","AMRE","Setophaga ruticilla","species","American Redstart",25,"calling","No","Unknown",1,"JRUEB"
"28d206a2-4c00-46e5-b391-fc346af949cf","BART_004.birdGrid.brd","D01","BART","BART_004","distributed",9,"2017-06-28T11:22Z",1,"BRD.BART.2017.1",1,"Y","REVI","Vireo olivaceus","species","Red-eyed Vireo",20,"singing","No","Male",1,"JRUEB"
"75d588f5-2b3a-4733-be0f-8b00cc6bd93e","BART_004.birdGrid.brd","D01","BART","BART_004","distributed",9,"2017-06-28T11:22Z",1,"BRD.BART.2017.1",1,"Y","OVEN","Seiurus aurocapilla","species","Ovenbird",35,"singing","No","Male",1,"JRUEB"
"f7edcc50-6613-4f24-827d-8cf1969787ab","BART_004.birdGrid.brd","D01","BART","BART_004","distributed",5,"2017-06-28T11:39Z",1,"BRD.BART.2017.1",1,"Y","AMRE","Setophaga ruticilla","species","American Redstart",30,"singing","No","Male",1,"JRUEB"
"89961ad1-4bb5-433b-9fba-aebcd8ff54ee","BART_004.birdGrid.brd","D01","BART","BART_004","distributed",5,"2017-06-28T11:39Z",1,"BRD.BART.2017.1",1,"Y","OVEN","Seiurus aurocapilla","species","Ovenbird",60,"singing","No","Male",1,"JRUEB"
"b301f548-c5ed-4f3e-bac0-622c3c293c5b","BART_004.birdGrid.brd","D01","BART","BART_004","distributed",5,"2017-06-28T11:39Z",1,"BRD.BART.2017.1",1,"Y","BTNW","Setophaga virens","species","Black-throated Green Warbler",40,"singing","No","Male",1,"JRUEB"
"3e9915c3-7bfc-472b-9355-c88743e43477","BART_004.birdGrid.brd","D01","BART","BART_004","distributed",5,"2017-06-28T11:39Z",1,"BRD.BART.2017.1",6,"Y","BLBW","Setophaga fusca","species","Blackburnian Warbler",25,"singing","No","Male",1,"JRUEB"
"f945c747-3b05-4254-b726-7ca437fae752","BART_004.birdGrid.brd","D01","BART","BART_004","distributed",5,"2017-06-28T11:39Z",1,"BRD.BART.2017.1",5,"Y","YBSA","Sphyrapicus varius","species","Yellow-bellied Sapsucker",25,"calling","No","Unknown",1,"JRUEB"
"374ee10c-1e63-4462-969c-b3d1dc1be14a","BART_004.birdGrid.brd","D01","BART","BART_004","distributed",5,"2017-06-28T11:39Z",1,"BRD.BART.2017.1",1,"Y","BHVI","Vireo solitarius","species","Blue-headed Vireo",20,"singing","No","Male",1,"JRUEB"
"b115192e-831d-4077-ac08-27434585d53b","BART_004.birdGrid.brd","D01","BART","BART_004","distributed",6,"2017-06-28T11:54Z",1,"BRD.BART.2017.1",1,"Y","BTNW","Setophaga virens","species","Black-throated Green Warbler",35,"singing","No","Male",1,"JRUEB"
"8b23ca22-739e-4d0d-a756-9c9f8a11c130","BART_004.birdGrid.brd","D01","BART","BART_004","distributed",6,"2017-06-28T11:54Z",1,"BRD.BART.2017.1",4,"Y","AMRE","Setophaga ruticilla","species","American Redstart",30,"singing","No","Male",1,"JRUEB"
"3cc6fd55-5cf4-447b-86a3-3fd0231c2d33","BART_004.birdGrid.brd","D01","BART","BART_004","distributed",6,"2017-06-28T11:54Z",1,"BRD.BART.2017.1",4,"Y","AMRE","Setophaga ruticilla","species","American Redstart",30,"singing","No","Male",1,"JRUEB"
"40caf56d-2a7a-446d-9672-366064a953ee","BART_004.birdGrid.brd","D01","BART","BART_004","distributed",6,"2017-06-28T11:54Z",1,"BRD.BART.2017.1",3,"Y","YRWA","Setophaga coronata","species","Yellow-rumped Warbler",15,"calling","Yes","Unknown",1,"JRUEB"
"7106308a-1c44-4ab2-9023-ebc3a27af1e7","BART_004.birdGrid.brd","D01","BART","BART_004","distributed",6,"2017-06-28T11:54Z",1,"BRD.BART.2017.1",1,"Y","BTNW","Setophaga virens","species","Black-throated Green Warbler",20,"singing","No","Male",1,"JRUEB"
"a06a0b17-313a-4f00-be29-5ca539b32dea","BART_004.birdGrid.brd","D01","BART","BART_004","distributed",6,"2017-06-28T11:54Z",1,"BRD.BART.2017.1",3,"Y","YRWA","Setophaga coronata","species","Yellow-rumped Warbler",28,"calling","Yes","Unknown",1,"JRUEB"
"52c77f42-1823-49bb-9208-586a13a26b72","BART_004.birdGrid.brd","D01","BART","BART_004","distributed",6,"2017-06-28T11:54Z",1,"BRD.BART.2017.1",1,"Y","BLBW","Setophaga fusca","species","Blackburnian Warbler",20,"singing","No","Male",1,"JRUEB"
"5875b188-302a-40a3-b0a2-d61aa37fcbe6","BART_004.birdGrid.brd","D01","BART","BART_004","distributed",6,"2017-06-28T11:54Z",1,"BRD.BART.2017.1",1,"Y","GCKI","Regulus satrapa","species","Golden-crowned Kinglet",25,"singing","No","Male",1,"JRUEB"
"8ebc6986-ed19-486a-9bbd-4688b5a51643","BART_004.birdGrid.brd","D01","BART","BART_004","distributed",6,"2017-06-28T11:54Z",1,"BRD.BART.2017.1",1,"Y","OVEN","Seiurus aurocapilla","species","Ovenbird",40,"singing","No","Male",1,"JRUEB"
"e0b80d53-9770-40f1-acb3-af84960aba64","BART_004.birdGrid.brd","D01","BART","BART_004","distributed",3,"2017-06-28T12:10Z",1,"BRD.BART.2017.1",2,"Y","OVEN","Seiurus aurocapilla","species","Ovenbird",20,"calling","Yes","Female",1,"JRUEB"
"c2585dda-c715-4d54-b214-6f87c0f5fca6","BART_004.birdGrid.brd","D01","BART","BART_004","distributed",3,"2017-06-28T12:10Z",1,"BRD.BART.2017.1",2,"Y","OVEN","Seiurus aurocapilla","species","Ovenbird",15,"calling","Yes","Male",1,"JRUEB"
"b21ae67a-a7af-4cfa-aa05-6fca7a747648","BART_004.birdGrid.brd","D01","BART","BART_004","distributed",3,"2017-06-28T12:10Z",1,"BRD.BART.2017.1",1,"Y","BLBW","Setophaga fusca","species","Blackburnian Warbler",30,"singing","No","Male",1,"JRUEB"
"322ad693-de38-4472-a6de-a071421d9755","BART_004.birdGrid.brd","D01","BART","BART_004","distributed",3,"2017-06-28T12:10Z",1,"BRD.BART.2017.1",1,"Y","REVI","Vireo olivaceus","species","Red-eyed Vireo",40,"singing","No","Male",1,"JRUEB"
"916d69d0-fd6b-43c5-a990-49d28cd2b8a2","BART_004.birdGrid.brd","D01","BART","BART_004","distributed",3,"2017-06-28T12:10Z",1,"BRD.BART.2017.1",3,"Y","SWTH","Catharus ustulatus","species","Swainson's Thrush",25,"singing","No","Male",1,"JRUEB"
"6d79b425-2859-4854-8f99-760969976fa4","BART_004.birdGrid.brd","D01","BART","BART_004","distributed",3,"2017-06-28T12:10Z",1,"BRD.BART.2017.1",4,"Y","WIWR","Troglodytes hiemalis","species","Winter Wren",40,"singing","No","Male",1,"JRUEB"
"fc1767e4-e8db-4988-9358-b66a8fdd1ca0","BART_004.birdGrid.brd","D01","BART","BART_004","distributed",3,"2017-06-28T12:10Z",1,"BRD.BART.2017.1",1,"Y","BTNW","Setophaga virens","species","Black-throated Green Warbler",30,"singing","No","Male",1,"JRUEB"
"0c65eb1e-21fa-416d-81fb-6e756c9a89f5","BART_004.birdGrid.brd","D01","BART","BART_004","distributed",3,"2017-06-28T12:10Z",1,"BRD.BART.2017.1",1,"Y","OVEN","Seiurus aurocapilla","species","Ovenbird",35,"singing","No","Male",1,"JRUEB"
"be813275-7604-4850-a4ff-4e4790b97468","BART_004.birdGrid.brd","D01","BART","BART_004","distributed",2,"2017-06-28T12:25Z",1,"BRD.BART.2017.1",1,"Y","OVEN","Seiurus aurocapilla","species","Ovenbird",20,"singing","No","Male",1,"JRUEB"
"05c87a5e-f0b5-4d55-9bf3-fdb8c6630990","BART_004.birdGrid.brd","D01","BART","BART_004","distributed",2,"2017-06-28T12:25Z",1,"BRD.BART.2017.1",1,"Y","BLBW","Setophaga fusca","species","Blackburnian Warbler",20,"singing","No","Male",1,"JRUEB"
"1cd0a26c-209c-4499-929a-174befea2566","BART_004.birdGrid.brd","D01","BART","BART_004","distributed",2,"2017-06-28T12:25Z",1,"BRD.BART.2017.1",1,"Y","BTNW","Setophaga virens","species","Black-throated Green Warbler",15,"singing","No","Male",1,"JRUEB"
"2a072468-5610-447c-98e7-588d25bcfe23","BART_004.birdGrid.brd","D01","BART","BART_004","distributed",2,"2017-06-28T12:25Z",1,"BRD.BART.2017.1",3,"Y","BCCH","Poecile atricapillus","species","Black-capped Chickadee",40,"calling","No","Unknown",1,"JRUEB"
"a6d6c5bb-5b83-4716-a231-0d5e08129ba0","BART_004.birdGrid.brd","D01","BART","BART_004","distributed",2,"2017-06-28T12:25Z",1,"BRD.BART.2017.1",1,"Y","HETH","Catharus guttatus","species","Hermit Thrush",60,"singing","No","Male",1,"JRUEB"
"8b9d22d5-4cbe-4769-ad8b-b0343daeae03","BART_004.birdGrid.brd","D01","BART","BART_004","distributed",2,"2017-06-28T12:25Z",1,"BRD.BART.2017.1",2,"Y","BLBW","Setophaga fusca","species","Blackburnian Warbler",25,"calling","No","Unknown",1,"JRUEB"
"e4fb4e12-5cc3-424d-9c0f-a3bb144d2e55","BART_003.birdGrid.brd","D01","BART","BART_003","distributed",7,"2017-06-28T13:20Z",1,"BRD.BART.2017.1",1,"Y","BTNW","Setophaga virens","species","Black-throated Green Warbler",35,"singing","No","Male",1,"JRUEB"
"d296e807-0504-43f1-bb93-c68b6d57c42f","BART_003.birdGrid.brd","D01","BART","BART_003","distributed",7,"2017-06-28T13:20Z",1,"BRD.BART.2017.1",1,"Y","SCTA","Piranga olivacea","species","Scarlet Tanager",20,"singing","No","Male",1,"JRUEB"
"5c6deb4b-740f-4539-8958-b5693282a85f","BART_003.birdGrid.brd","D01","BART","BART_003","distributed",7,"2017-06-28T13:20Z",1,"BRD.BART.2017.1",1,"Y","OVEN","Seiurus aurocapilla","species","Ovenbird",30,"singing","No","Male",1,"JRUEB"
"bcd9bc23-2a1d-42d8-893b-78177b9532f3","BART_003.birdGrid.brd","D01","BART","BART_003","distributed",8,"2017-06-28T13:38Z",1,"BRD.BART.2017.1",1,"Y","BHVI","Vireo solitarius","species","Blue-headed Vireo",35,"singing","No","Male",1,"JRUEB"
"15c5b2d6-a250-4e6d-9590-79711a589f4c","BART_003.birdGrid.brd","D01","BART","BART_003","distributed",8,"2017-06-28T13:38Z",1,"BRD.BART.2017.1",1,"Y","BTNW","Setophaga virens","species","Black-throated Green Warbler",20,"singing","No","Male",1,"JRUEB"
"786b03a8-7b06-424c-8c67-a3a9bebcb77d","BART_003.birdGrid.brd","D01","BART","BART_003","distributed",8,"2017-06-28T13:38Z",1,"BRD.BART.2017.1",1,"Y","OVEN","Seiurus aurocapilla","species","Ovenbird",25,"singing","No","Male",1,"JRUEB"
"9c56b00e-1e3e-4f49-93ee-11775a3969df","BART_003.birdGrid.brd","D01","BART","BART_003","distributed",8,"2017-06-28T13:38Z",1,"BRD.BART.2017.1",1,"Y","REVI","Vireo olivaceus","species","Red-eyed Vireo",30,"singing","No","Male",1,"JRUEB"
"cdaf0251-d175-4e33-b2ea-5b09794f5c98","BART_003.birdGrid.brd","D01","BART","BART_003","distributed",8,"2017-06-28T13:38Z",1,"BRD.BART.2017.1",1,"Y","BTNW","Setophaga virens","species","Black-throated Green Warbler",30,"singing","No","Male",1,"JRUEB"
"7afcdf76-71db-41aa-a28c-3af5aa3d0a52","BART_003.birdGrid.brd","D01","BART","BART_003","distributed",9,"2017-06-28T14:01Z",1,"BRD.BART.2017.1",1,"Y","DOWO","Picoides pubescens","species","Downy Woodpecker",30,"calling","No","Unknown",1,"JRUEB"
"5de41e3c-6e0b-472c-a438-f58468e2babb","BART_003.birdGrid.brd","D01","BART","BART_003","distributed",9,"2017-06-28T14:01Z",1,"BRD.BART.2017.1",1,"Y","REVI","Vireo olivaceus","species","Red-eyed Vireo",40,"singing","No","Male",1,"JRUEB"
"1af63151-7aaf-4996-a299-1cdbbc63ad00","BART_003.birdGrid.brd","D01","BART","BART_003","distributed",9,"2017-06-28T14:01Z",1,"BRD.BART.2017.1",1,"Y","BTBW","Setophaga caerulescens","species","Black-throated Blue Warbler",25,"singing","No","Male",1,"JRUEB"
"609518de-85a4-48d7-8ecd-baa7fc349b69","BART_003.birdGrid.brd","D01","BART","BART_003","distributed",9,"2017-06-28T14:01Z",1,"BRD.BART.2017.1",1,"Y","BTNW","Setophaga virens","species","Black-throated Green Warbler",40,"singing","No","Male",1,"JRUEB"
"6e27cd3f-fca9-4a84-9f80-5bfc605cba15","BART_003.birdGrid.brd","D01","BART","BART_003","distributed",1,"2017-06-29T09:53Z",1,"BRD.BART.2017.1",1,"Y","HETH","Catharus guttatus","species","Hermit Thrush",40,"singing","No","Male",1,"JRUEB"
"61298ffd-36a7-4040-bdb3-0bb38e54a675","BART_003.birdGrid.brd","D01","BART","BART_003","distributed",1,"2017-06-29T09:53Z",1,"BRD.BART.2017.1",1,"Y","OVEN","Seiurus aurocapilla","species","Ovenbird",50,"singing","No","Male",1,"JRUEB"
"3acd06b8-1f7e-4f8a-ab65-73932087f7a7","BART_003.birdGrid.brd","D01","BART","BART_003","distributed",1,"2017-06-29T09:53Z",1,"BRD.BART.2017.1",3,"Y","BTNW","Setophaga virens","species","Black-throated Green Warbler",40,"singing","No","Male",1,"JRUEB"
"5c003413-9172-4ed5-8c39-609f70a4a566","BART_003.birdGrid.brd","D01","BART","BART_003","distributed",1,"2017-06-29T09:53Z",1,"BRD.BART.2017.1",1,"Y","REVI","Vireo olivaceus","species","Red-eyed Vireo",30,"singing","No","Male",1,"JRUEB"
"e10b4f02-2d79-4d7f-87ce-226d354a41c5","BART_003.birdGrid.brd","D01","BART","BART_003","distributed",1,"2017-06-29T09:53Z",1,"BRD.BART.2017.1",1,"Y","REVI","Vireo olivaceus","species","Red-eyed Vireo",35,"singing","No","Male",1,"JRUEB"
"bf496c62-15e8-4971-a9a3-7e65441ceea3","BART_003.birdGrid.brd","D01","BART","BART_003","distributed",2,"2017-06-29T10:08Z",1,"BRD.BART.2017.1",1,"Y","BTNW","Setophaga virens","species","Black-throated Green Warbler",50,"singing","No","Male",1,"JRUEB"
"3e48097d-bf2e-43a2-b79d-583410f90395","BART_003.birdGrid.brd","D01","BART","BART_003","distributed",2,"2017-06-29T10:08Z",1,"BRD.BART.2017.1",1,"Y","REVI","Vireo olivaceus","species","Red-eyed Vireo",20,"singing","No","Male",1,"JRUEB"
"bc5d8a0b-5727-47d8-afa6-409d6ed6a9cd","BART_003.birdGrid.brd","D01","BART","BART_003","distributed",2,"2017-06-29T10:08Z",1,"BRD.BART.2017.1",2,"Y","BTBW","Setophaga caerulescens","species","Black-throated Blue Warbler",30,"singing","No","Male",1,"JRUEB"
"461479c6-4495-4114-986b-3b8ffb912cbe","BART_003.birdGrid.brd","D01","BART","BART_003","distributed",2,"2017-06-29T10:08Z",1,"BRD.BART.2017.1",1,"Y","OVEN","Seiurus aurocapilla","species","Ovenbird",35,"singing","No","Male",1,"JRUEB"
"fa5bff3d-9e26-4fa9-ba80-ee2d57e82c21","BART_003.birdGrid.brd","D01","BART","BART_003","distributed",3,"2017-06-29T10:20Z",1,"BRD.BART.2017.1",1,"Y","REVI","Vireo olivaceus","species","Red-eyed Vireo",25,"singing","No","Male",1,"JRUEB"
"8dc2924f-9a45-4299-a625-56b2c9d15c09","BART_003.birdGrid.brd","D01","BART","BART_003","distributed",3,"2017-06-29T10:20Z",1,"BRD.BART.2017.1",1,"Y","BTBW","Setophaga caerulescens","species","Black-throated Blue Warbler",40,"singing","No","Male",1,"JRUEB"
"d30bf192-30af-434a-8264-2dda0a1020df","BART_003.birdGrid.brd","D01","BART","BART_003","distributed",3,"2017-06-29T10:20Z",1,"BRD.BART.2017.1",1,"Y","BLBW","Setophaga fusca","species","Blackburnian Warbler",30,"singing","No","Male",1,"JRUEB"
"742975cf-c203-4f6c-b9ee-77be86e20e86","BART_003.birdGrid.brd","D01","BART","BART_003","distributed",3,"2017-06-29T10:20Z",1,"BRD.BART.2017.1",1,"Y","OVEN","Seiurus aurocapilla","species","Ovenbird",35,"singing","No","Male",1,"JRUEB"
"50827964-4b4c-4ef8-a42f-1b38084e075e","BART_003.birdGrid.brd","D01","BART","BART_003","distributed",6,"2017-06-29T10:38Z",1,"BRD.BART.2017.1",1,"Y","OVEN","Seiurus aurocapilla","species","Ovenbird",35,"singing","No","Male",1,"JRUEB"
"03e82c4c-5192-4677-8990-974b6d757062","BART_003.birdGrid.brd","D01","BART","BART_003","distributed",6,"2017-06-29T10:38Z",1,"BRD.BART.2017.1",1,"Y","REVI","Vireo olivaceus","species","Red-eyed Vireo",40,"singing","No","Male",1,"JRUEB"
"7917aa64-c3b8-407d-bcba-210140ebe810","BART_003.birdGrid.brd","D01","BART","BART_003","distributed",6,"2017-06-29T10:38Z",1,"BRD.BART.2017.1",1,"Y","AMRE","Setophaga ruticilla","species","American Redstart",25,"singing","No","Male",1,"JRUEB"
"7dbe92f2-5e65-413f-9387-94d17061aec9","BART_003.birdGrid.brd","D01","BART","BART_003","distributed",6,"2017-06-29T10:38Z",1,"BRD.BART.2017.1",1,"Y","REVI","Vireo olivaceus","species","Red-eyed Vireo",20,"singing","No","Male",1,"JRUEB"
"ae1fe343-4335-4f6f-bebd-0456e7ccea30","BART_003.birdGrid.brd","D01","BART","BART_003","distributed",5,"2017-06-29T10:51Z",1,"BRD.BART.2017.1",1,"Y","OVEN","Seiurus aurocapilla","species","Ovenbird",30,"singing","No","Male",1,"JRUEB"
"367bb786-fc4d-492a-9b82-0dddd2a936e2","BART_003.birdGrid.brd","D01","BART","BART_003","distributed",5,"2017-06-29T10:51Z",1,"BRD.BART.2017.1",1,"Y","REVI","Vireo olivaceus","species","Red-eyed Vireo",35,"singing","No","Male",1,"JRUEB"
"1cd68289-1505-4190-a4ad-7d69f0cbc18a","BART_003.birdGrid.brd","D01","BART","BART_003","distributed",5,"2017-06-29T10:51Z",1,"BRD.BART.2017.1",1,"Y","REVI","Vireo olivaceus","species","Red-eyed Vireo",25,"singing","No","Male",1,"JRUEB"
"0d1d0b6f-8c34-49a2-bf1c-bc91626f642b","BART_003.birdGrid.brd","D01","BART","BART_003","distributed",4,"2017-06-29T11:10Z",1,"BRD.BART.2017.1",1,"Y","REVI","Vireo olivaceus","species","Red-eyed Vireo",30,"singing","No","Male",1,"JRUEB"
"bb95dc7b-8444-4be4-8751-1f0541207eac","BART_003.birdGrid.brd","D01","BART","BART_003","distributed",4,"2017-06-29T11:10Z",1,"BRD.BART.2017.1",1,"Y","REVI","Vireo olivaceus","species","Red-eyed Vireo",35,"singing","No","Male",1,"JRUEB"
"8adf99f8-0ab1-4473-82f1-dfbb009944e5","BART_003.birdGrid.brd","D01","BART","BART_003","distributed",4,"2017-06-29T11:10Z",1,"BRD.BART.2017.1",1,"Y","BTNW","Setophaga virens","species","Black-throated Green Warbler",40,"singing","No","Male",1,"JRUEB"
"820f7c3a-9ccc-4589-9bf3-0bc885c5ebdc","BART_003.birdGrid.brd","D01","BART","BART_003","distributed",4,"2017-06-29T11:10Z",1,"BRD.BART.2017.1",6,"Y","BTBW","Setophaga caerulescens","species","Black-throated Blue Warbler",20,"singing","No","Male",1,"JRUEB"
"8777b93e-c690-41fb-8958-221fdaae5ff7","BART_003.birdGrid.brd","D01","BART","BART_003","distributed",4,"2017-06-29T11:10Z",1,"BRD.BART.2017.1",1,"Y","OVEN","Seiurus aurocapilla","species","Ovenbird",35,"singing","No","Male",1,"JRUEB"
"2a487f32-16d5-4a7b-86e6-83a645cf4f92","BART_003.birdGrid.brd","D01","BART","BART_003","distributed",4,"2017-06-29T11:10Z",1,"BRD.BART.2017.1",1,"Y","WIWR","Troglodytes hiemalis","species","Winter Wren",50,"singing","No","Male",1,"JRUEB"
"2ecb616b-9356-4a26-8683-a5070561f587","BART_025.birdGrid.brd","D01","BART","BART_025","distributed",3,"2017-06-29T12:06Z",1,"BRD.BART.2017.1",1,"Y","HETH","Catharus guttatus","species","Hermit Thrush",50,"singing","No","Male",1,"JRUEB"
"63ac6fc8-bb9b-446e-8c55-54565e700509","BART_025.birdGrid.brd","D01","BART","BART_025","distributed",3,"2017-06-29T12:06Z",1,"BRD.BART.2017.1",1,"Y","OVEN","Seiurus aurocapilla","species","Ovenbird",35,"singing","No","Male",1,"JRUEB"
"d28c6bfd-cc0f-420d-b89b-6d77fe19fc58","BART_025.birdGrid.brd","D01","BART","BART_025","distributed",3,"2017-06-29T12:06Z",1,"BRD.BART.2017.1",2,"Y","BLBW","Setophaga fusca","species","Blackburnian Warbler",25,"singing","No","Male",1,"JRUEB"
"24171ad1-a4f4-4139-bfa8-74f81494e176","BART_025.birdGrid.brd","D01","BART","BART_025","distributed",3,"2017-06-29T12:06Z",1,"BRD.BART.2017.1",1,"Y","REVI","Vireo olivaceus","species","Red-eyed Vireo",35,"singing","No","Male",1,"JRUEB"
"e2f8e829-8b2d-4948-b299-e0c28797f412","BART_025.birdGrid.brd","D01","BART","BART_025","distributed",3,"2017-06-29T12:06Z",1,"BRD.BART.2017.1",1,"Y","BTNW","Setophaga virens","species","Black-throated Green Warbler",30,"singing","No","Male",1,"JRUEB"
"220b327d-74ec-4a9b-8c48-bcb263e5c664","BART_025.birdGrid.brd","D01","BART","BART_025","distributed",3,"2017-06-29T12:06Z",1,"BRD.BART.2017.1",1,"Y","BLBW","Setophaga fusca","species","Blackburnian Warbler",40,"singing","No","Male",1,"JRUEB"
"4495cb49-d54e-46b6-9289-44829dc92ae3","BART_025.birdGrid.brd","D01","BART","BART_025","distributed",3,"2017-06-29T12:06Z",1,"BRD.BART.2017.1",4,"Y","VEER","Catharus fuscescens","species","Veery",30,"calling","No","Unknown",1,"JRUEB"
"7ddc3ec8-f1a9-425a-b893-a03befec2069","BART_025.birdGrid.brd","D01","BART","BART_025","distributed",3,"2017-06-29T12:06Z",1,"BRD.BART.2017.1",3,"Y","BTNW","Setophaga virens","species","Black-throated Green Warbler",50,"singing","No","Male",1,"JRUEB"
"ef73755d-1e12-4e9d-ab68-270a5285e6b7","BART_025.birdGrid.brd","D01","BART","BART_025","distributed",2,"2017-06-29T12:25Z",1,"BRD.BART.2017.1",1,"Y","BTBW","Setophaga caerulescens","species","Black-throated Blue Warbler",45,"singing","No","Male",1,"JRUEB"
"6ef9805b-cf41-4d8c-b162-ea15d92151f7","BART_025.birdGrid.brd","D01","BART","BART_025","distributed",2,"2017-06-29T12:25Z",1,"BRD.BART.2017.1",1,"Y","REVI","Vireo olivaceus","species","Red-eyed Vireo",20,"singing","No","Male",1,"JRUEB"
"6864dc8a-b824-40de-aeeb-4d684075906c","BART_025.birdGrid.brd","D01","BART","BART_025","distributed",2,"2017-06-29T12:25Z",1,"BRD.BART.2017.1",1,"Y","BTNW","Setophaga virens","species","Black-throated Green Warbler",30,"singing","No","Male",1,"JRUEB"
"e865081b-c60b-4998-91ce-6240e6ad4d39","BART_025.birdGrid.brd","D01","BART","BART_025","distributed",2,"2017-06-29T12:25Z",1,"BRD.BART.2017.1",4,"Y","HETH","Catharus guttatus","species","Hermit Thrush",15,"calling","No","Unknown",1,"JRUEB"
"a93cb7b4-e90d-47c7-a6a0-671f4448914b","BART_025.birdGrid.brd","D01","BART","BART_025","distributed",2,"2017-06-29T12:25Z",1,"BRD.BART.2017.1",1,"Y","BLBW","Setophaga fusca","species","Blackburnian Warbler",35,"singing","No","Male",1,"JRUEB"
"acb94bdc-943f-457c-b7ab-5ebc6ea37cfd","BART_025.birdGrid.brd","D01","BART","BART_025","distributed",2,"2017-06-29T12:25Z",1,"BRD.BART.2017.1",1,"Y","GCKI","Regulus satrapa","species","Golden-crowned Kinglet",25,"singing","No","Male",1,"JRUEB"
"9a598bc4-bb57-4bdf-ab91-bb0f15645ebf","BART_025.birdGrid.brd","D01","BART","BART_025","distributed",2,"2017-06-29T12:25Z",1,"BRD.BART.2017.1",1,"Y","WIWR","Troglodytes hiemalis","species","Winter Wren",60,"singing","No","Male",1,"JRUEB"
"97642c66-f066-42be-b92a-62fe5cb7972f","BART_025.birdGrid.brd","D01","BART","BART_025","distributed",2,"2017-06-29T12:25Z",1,"BRD.BART.2017.1",3,"Y","DOWO","Picoides pubescens","species","Downy Woodpecker",20,"calling","No","Unknown",1,"JRUEB"
"ba64be5d-1adb-42d0-97ac-fe8bd43c3420","BART_025.birdGrid.brd","D01","BART","BART_025","distributed",1,"2017-06-29T12:45Z",1,"BRD.BART.2017.1",2,"Y","HETH","Catharus guttatus","species","Hermit Thrush",30,"singing","No","Male",1,"JRUEB"
"31e567d1-36b7-4dc7-8cb3-8fe8e5d26627","BART_025.birdGrid.brd","D01","BART","BART_025","distributed",1,"2017-06-29T12:45Z",1,"BRD.BART.2017.1",1,"Y","BTNW","Setophaga virens","species","Black-throated Green Warbler",40,"singing","No","Male",1,"JRUEB"
"f287a62b-3219-4b09-a69e-a1f165bd0756","BART_025.birdGrid.brd","D01","BART","BART_025","distributed",1,"2017-06-29T12:45Z",1,"BRD.BART.2017.1",1,"Y","REVI","Vireo olivaceus","species","Red-eyed Vireo",15,"singing","No","Male",1,"JRUEB"
"8f9e089b-12be-41a5-acef-7193538f3801","BART_025.birdGrid.brd","D01","BART","BART_025","distributed",1,"2017-06-29T12:45Z",1,"BRD.BART.2017.1",1,"Y","BLBW","Setophaga fusca","species","Blackburnian Warbler",25,"singing","No","Male",1,"JRUEB"
"d17f11e0-09cf-49ad-bd09-5323b30f6a7d","BART_025.birdGrid.brd","D01","BART","BART_025","distributed",1,"2017-06-29T12:45Z",1,"BRD.BART.2017.1",1,"Y","WIWR","Troglodytes hiemalis","species","Winter Wren",35,"singing","No","Male",1,"JRUEB"
"35c9b601-bf1f-4e81-b927-5757db1d077b","BART_025.birdGrid.brd","D01","BART","BART_025","distributed",4,"2017-06-29T13:14Z",1,"BRD.BART.2017.1",1,"Y","REVI","Vireo olivaceus","species","Red-eyed Vireo",15,"singing","No","Male",1,"JRUEB"
"7c6d1719-d9e1-43b1-84c5-d41f9ee021f0","BART_025.birdGrid.brd","D01","BART","BART_025","distributed",4,"2017-06-29T13:14Z",1,"BRD.BART.2017.1",1,"Y","AMRE","Setophaga ruticilla","species","American Redstart",25,"singing","No","Male",1,"JRUEB"
"3d6f0abd-c52f-4739-a8ad-80f04c42d66b","BART_025.birdGrid.brd","D01","BART","BART_025","distributed",4,"2017-06-29T13:14Z",1,"BRD.BART.2017.1",1,"Y","BTBW","Setophaga caerulescens","species","Black-throated Blue Warbler",20,"singing","No","Male",1,"JRUEB"
"06af7d3e-f5f6-4398-b108-0408b0b7d638","BART_025.birdGrid.brd","D01","BART","BART_025","distributed",4,"2017-06-29T13:14Z",1,"BRD.BART.2017.1",2,"Y","BCCH","Poecile atricapillus","species","Black-capped Chickadee",30,"calling","No","Unknown",1,"JRUEB"
"94d8c554-8af0-44d2-845f-86bd6ad139a7","BART_025.birdGrid.brd","D01","BART","BART_025","distributed",4,"2017-06-29T13:14Z",1,"BRD.BART.2017.1",1,"Y","REVI","Vireo olivaceus","species","Red-eyed Vireo",30,"singing","No","Male",1,"JRUEB"
"4e5e6fec-0271-47ce-867c-be46f5e5c2df","BART_025.birdGrid.brd","D01","BART","BART_025","distributed",5,"2017-06-29T13:31Z",1,"BRD.BART.2017.1",1,"Y","REVI","Vireo olivaceus","species","Red-eyed Vireo",50,"singing","No","Male",1,"JRUEB"
"836c1d07-26ca-4345-9788-6eebc0a9fceb","BART_025.birdGrid.brd","D01","BART","BART_025","distributed",5,"2017-06-29T13:31Z",1,"BRD.BART.2017.1",1,"Y","HETH","Catharus guttatus","species","Hermit Thrush",40,"singing","No","Male",1,"JRUEB"
"103d4fd2-bf45-4e75-b854-bd2ff6aa7978","BART_025.birdGrid.brd","D01","BART","BART_025","distributed",5,"2017-06-29T13:31Z",1,"BRD.BART.2017.1",3,"Y","REVI","Vireo olivaceus","species","Red-eyed Vireo",25,"singing","No","Male",1,"JRUEB"
"17fca67c-9a74-4eec-ace7-822bd6d7720d","BART_025.birdGrid.brd","D01","BART","BART_025","distributed",5,"2017-06-29T13:31Z",1,"BRD.BART.2017.1",1,"Y","HETH","Catharus guttatus","species","Hermit Thrush",30,"singing","No","Male",1,"JRUEB"
"3dcad539-f3af-46e7-9818-508cbf378145","BART_025.birdGrid.brd","D01","BART","BART_025","distributed",5,"2017-06-29T13:31Z",1,"BRD.BART.2017.1",1,"Y","AMRE","Setophaga ruticilla","species","American Redstart",40,"singing","No","Male",1,"JRUEB"
"e92111b8-4d45-422b-b18b-31bcd32a510a","BART_025.birdGrid.brd","D01","BART","BART_025","distributed",6,"2017-06-29T13:50Z",1,"BRD.BART.2017.1",6,"Y","YBSA","Sphyrapicus varius","species","Yellow-bellied Sapsucker",30,"calling","No","Unknown",1,"JRUEB"
"b55df8f2-4ae9-4a91-a931-cd51faaca971","BART_025.birdGrid.brd","D01","BART","BART_025","distributed",6,"2017-06-29T13:50Z",1,"BRD.BART.2017.1",2,"Y","BLBW","Setophaga fusca","species","Blackburnian Warbler",10,"singing","No","Male",1,"JRUEB"
"430120dd-0e61-49cb-912a-732cd6a8d172","BART_025.birdGrid.brd","D01","BART","BART_025","distributed",6,"2017-06-29T13:50Z",1,"BRD.BART.2017.1",6,"Y","AMRE","Setophaga ruticilla","species","American Redstart",25,"singing","No","Male",1,"JRUEB"
"91f99501-f2b6-44cf-ae31-9d3351c69e90","BART_025.birdGrid.brd","D01","BART","BART_025","distributed",6,"2017-06-29T13:50Z",1,"BRD.BART.2017.1",6,"Y","BTNW","Setophaga virens","species","Black-throated Green Warbler",30,"singing","No","Male",1,"JRUEB"
"f2a622db-324a-4b05-9b34-8619b62f0b26","BART_025.birdGrid.brd","D01","BART","BART_025","distributed",6,"2017-06-29T13:50Z",1,"BRD.BART.2017.1",1,"Y","REVI","Vireo olivaceus","species","Red-eyed Vireo",25,"singing","No","Male",1,"JRUEB"
"176e99d7-4ee9-42bb-aaa2-b212cf865634","BART_025.birdGrid.brd","D01","BART","BART_025","distributed",9,"2017-06-29T14:17Z",1,"BRD.BART.2017.1",1,"Y","AMRE","Setophaga ruticilla","species","American Redstart",40,"singing","No","Male",1,"JRUEB"
"20371914-abea-40e0-87fe-ff362d5035ec","BART_025.birdGrid.brd","D01","BART","BART_025","distributed",9,"2017-06-29T14:17Z",1,"BRD.BART.2017.1",3,"Y","REVI","Vireo olivaceus","species","Red-eyed Vireo",20,"singing","No","Male",1,"JRUEB"
"ef3589f0-b5a3-4bf4-a7fc-c58c12959854","BART_025.birdGrid.brd","D01","BART","BART_025","distributed",9,"2017-06-29T14:17Z",1,"BRD.BART.2017.1",1,"Y","OVEN","Seiurus aurocapilla","species","Ovenbird",30,"singing","No","Male",1,"JRUEB"
"9c57ac42-1d80-43dd-aa6b-c2a22de14079","BART_025.birdGrid.brd","D01","BART","BART_025","distributed",9,"2017-06-29T14:17Z",1,"BRD.BART.2017.1",1,"Y","REVI","Vireo olivaceus","species","Red-eyed Vireo",20,"singing","No","Male",1,"JRUEB"
"1b22e7d3-3735-42f5-a92c-65ebe41cd819","BART_025.birdGrid.brd","D01","BART","BART_025","distributed",9,"2017-06-29T14:17Z",1,"BRD.BART.2017.1",2,"Y","BTNW","Setophaga virens","species","Black-throated Green Warbler",35,"singing","No","Male",1,"JRUEB"
