"uid","namedLocation","domainID","siteID","plotID","plotType","pointID","startDate","boutNumber","eventID","pointCountMinute","targetTaxaPresent","taxonID","scientificName","taxonRank","vernacularName","observerDistance","detectionMethod","visualConfirmation","sexOrAge","clusterSize","identifiedBy"
"9c1c242b-b6ac-4ba4-9a56-e9beeaac035c","BART_018.birdGrid.brd","D01","BART","BART_018","distributed",9,"2019-06-18T10:20Z",1,"BRD.BART.2019.1",1,"Y","SWTH","Catharus ustulatus","species","Swainson's Thrush",60,"singing","No","Unknown",1,"WFREE"
"83529333-3ab2-44ce-b1e4-e2804c31b062","BART_018.birdGrid.brd","D01","BART","BART_018","distributed",9,"2019-06-18T10:20Z",1,"BRD.BART.2019.1",3,"Y","YBSA","Sphyrapicus varius","species","Yellow-bellied Sapsucker",57,"drumming","No","Unknown",1,"WFREE"
"5ad747b7-2b85-4538-8e0b-ad70a1f6bc2a","BART_018.birdGrid.brd","D01","BART","BART_018","distributed",9,"2019-06-18T10:20Z",1,"BRD.BART.2019.1",5,"Y","CSWA","Setophaga pensylvanica","species","Chestnut-sided Warbler",40,"singing","No","Unknown",1,"WFREE"
"674519a8-b14e-4be3-bc1a-83d3c23a2d54","BART_018.birdGrid.brd","D01","BART","BART_018","distributed",9,"2019-06-18T10:20Z",1,"BRD.BART.2019.1",1,"Y","REVI","Vireo olivaceus","species","Red-eyed Vireo",37,"singing","No","Unknown",1,"WFREE"
"b94a9c69-c2e4-454d-b531-ea51ccc6b6eb","BART_018.birdGrid.brd","D01","BART","BART_018","distributed",9,"2019-06-18T10:20Z",1,"BRD.BART.2019.1",4,"Y","BLJA","Cyanocitta cristata","species","Blue Jay",65,"calling","No","Unknown",1,"WFREE"
"f089881d-c74e-4064-8e47-d4b8054c055e","BART_018.birdGrid.brd","D01","BART","BART_018","distributed",8,"2019-06-18T10:51Z",1,"BRD.BART.2019.1",5,"Y","CSWA","Setophaga pensylvanica","species","Chestnut-sided Warbler",20,"singing","No","Unknown",1,"WFREE"
"bc3bfab0-be5b-422c-8de2-75c4e7128547","BART_018.birdGrid.brd","D01","BART","BART_018","distributed",8,"2019-06-18T10:51Z",1,"BRD.BART.2019.1",1,"Y","BTBW","Setophaga caerulescens","species","Black-throated Blue Warbler",40,"singing","No","Unknown",1,"WFREE"
"2e71afa2-38c2-4343-9d9b-32762fbf294a","BART_018.birdGrid.brd","D01","BART","BART_018","distributed",8,"2019-06-18T10:51Z",1,"BRD.BART.2019.1",1,"Y","SWTH","Catharus ustulatus","species","Swainson's Thrush",44,"singing","No","Unknown",1,"WFREE"
"77b035b0-906d-4640-8ee5-851fef8a2296","BART_018.birdGrid.brd","D01","BART","BART_018","distributed",8,"2019-06-18T10:51Z",1,"BRD.BART.2019.1",2,"Y","YBSA","Sphyrapicus varius","species","Yellow-bellied Sapsucker",68,"calling","No","Unknown",1,"WFREE"
"7227165b-65f5-4158-8b90-42675e8985a7","BART_018.birdGrid.brd","D01","BART","BART_018","distributed",8,"2019-06-18T10:51Z",1,"BRD.BART.2019.1",1,"Y","REVI","Vireo olivaceus","species","Red-eyed Vireo",56,"singing","No","Unknown",1,"WFREE"
"684188b4-8e55-4140-8e8e-24e65a55d44a","BART_018.birdGrid.brd","D01","BART","BART_018","distributed",8,"2019-06-18T10:51Z",1,"BRD.BART.2019.1",1,"Y","BTNW","Setophaga virens","species","Black-throated Green Warbler",42,"singing","No","Unknown",1,"WFREE"
"86137d09-25dc-4ea0-ba29-77c8f1ced1ea","BART_018.birdGrid.brd","D01","BART","BART_018","distributed",8,"2019-06-18T10:51Z",1,"BRD.BART.2019.1",3,"Y","SWTH","Catharus ustulatus","species","Swainson's Thrush",71,"singing","No","Unknown",1,"WFREE"
"7b01abee-cbaf-4a48-9f32-7f045ffebd2f","BART_018.birdGrid.brd","D01","BART","BART_018","distributed",7,"2019-06-18T11:18Z",1,"BRD.BART.2019.1",1,"Y","REVI","Vireo olivaceus","species","Red-eyed Vireo",36,"singing","No","Unknown",1,"WFREE"
"190155cc-eea8-48cd-9d51-708ab21c4856","BART_018.birdGrid.brd","D01","BART","BART_018","distributed",7,"2019-06-18T11:18Z",1,"BRD.BART.2019.1",1,"Y","OVEN","Seiurus aurocapilla","species","Ovenbird",52,"singing","No","Unknown",1,"WFREE"
"52a350d6-e806-4ea2-b835-07c9c88b4a9b","BART_018.birdGrid.brd","D01","BART","BART_018","distributed",7,"2019-06-18T11:18Z",1,"BRD.BART.2019.1",1,"Y","REVI","Vireo olivaceus","species","Red-eyed Vireo",43,"singing","No","Unknown",1,"WFREE"
"a10edebf-1245-4714-af21-b1d060bf7730","BART_018.birdGrid.brd","D01","BART","BART_018","distributed",7,"2019-06-18T11:18Z",1,"BRD.BART.2019.1",1,"Y","VEER","Catharus fuscescens","species","Veery",77,"calling","No","Unknown",1,"WFREE"
"337c3806-0512-4cb0-9f5e-9dd9d6e48f2c","BART_018.birdGrid.brd","D01","BART","BART_018","distributed",7,"2019-06-18T11:18Z",1,"BRD.BART.2019.1",2,"Y","COYE","Geothlypis trichas","species","Common Yellowthroat",56,"singing","No","Unknown",1,"WFREE"
"11bc7673-688a-46e9-9646-b245edbc18a7","BART_018.birdGrid.brd","D01","BART","BART_018","distributed",4,"2019-06-18T11:41Z",1,"BRD.BART.2019.1",1,"Y","RBNU","Sitta canadensis","species","Red-breasted Nuthatch",47,"singing","No","Unknown",1,"WFREE"
"66918c85-716f-483d-a056-47a515459832","BART_018.birdGrid.brd","D01","BART","BART_018","distributed",4,"2019-06-18T11:41Z",1,"BRD.BART.2019.1",1,"Y","BTNW","Setophaga virens","species","Black-throated Green Warbler",39,"singing","No","Unknown",1,"WFREE"
"71dc1817-1b32-4ab1-8693-bd38a73f3a08","BART_018.birdGrid.brd","D01","BART","BART_018","distributed",4,"2019-06-18T11:41Z",1,"BRD.BART.2019.1",1,"Y","REVI","Vireo olivaceus","species","Red-eyed Vireo",23,"singing","No","Unknown",1,"WFREE"
"148d0cfa-f8b7-408c-b5a4-1ba60a019888","BART_018.birdGrid.brd","D01","BART","BART_018","distributed",4,"2019-06-18T11:41Z",1,"BRD.BART.2019.1",2,"Y","OVEN","Seiurus aurocapilla","species","Ovenbird",62,"singing","No","Unknown",1,"WFREE"
"539adcec-a863-4c55-a8dc-504e9f7cb9c3","BART_018.birdGrid.brd","D01","BART","BART_018","distributed",4,"2019-06-18T11:41Z",1,"BRD.BART.2019.1",5,"Y","BLJA","Cyanocitta cristata","species","Blue Jay",74,"calling","No","Unknown",1,"WFREE"
"683e9fce-c99b-4705-b1cc-59f406cd9199","BART_018.birdGrid.brd","D01","BART","BART_018","distributed",4,"2019-06-18T11:41Z",1,"BRD.BART.2019.1",3,"Y","BTNW","Setophaga virens","species","Black-throated Green Warbler",58,"singing","No","Unknown",1,"WFREE"
"27e31b81-880d-426b-9ef3-3037d587060f","BART_018.birdGrid.brd","D01","BART","BART_018","distributed",5,"2019-06-18T12:03Z",1,"BRD.BART.2019.1",4,"Y","AMCR","Corvus brachyrhynchos","species","American Crow",83,"calling","No","Unknown",1,"WFREE"
"9e94abe7-b90d-44da-b28b-1a8522253edd","BART_018.birdGrid.brd","D01","BART","BART_018","distributed",5,"2019-06-18T12:03Z",1,"BRD.BART.2019.1",1,"Y","BTBW","Setophaga caerulescens","species","Black-throated Blue Warbler",29,"singing","No","Unknown",1,"WFREE"
"dea6a9b9-55d4-4437-b522-7fe72c2e0d76","BART_018.birdGrid.brd","D01","BART","BART_018","distributed",5,"2019-06-18T12:03Z",1,"BRD.BART.2019.1",1,"Y","NOPA","Setophaga americana","species","Northern Parula",21,"singing","No","Unknown",1,"WFREE"
"91cbdd8f-f61d-4518-94c7-e054293315be","BART_018.birdGrid.brd","D01","BART","BART_018","distributed",5,"2019-06-18T12:03Z",1,"BRD.BART.2019.1",4,"Y","YBSA","Sphyrapicus varius","species","Yellow-bellied Sapsucker",42,"drumming","No","Unknown",1,"WFREE"
"580c4889-db2c-4379-8c5d-5309b049280a","BART_018.birdGrid.brd","D01","BART","BART_018","distributed",5,"2019-06-18T12:03Z",1,"BRD.BART.2019.1",3,"Y","OVEN","Seiurus aurocapilla","species","Ovenbird",66,"singing","No","Unknown",1,"WFREE"
"a4d11b5d-8aff-4fda-8cdc-5a1622ccb3f3","BART_018.birdGrid.brd","D01","BART","BART_018","distributed",5,"2019-06-18T12:03Z",1,"BRD.BART.2019.1",5,"Y","UNBI","Aves sp.","class","",35,"calling","No","Unknown",1,"WFREE"
"8ce520f2-ca3b-44ea-9fe5-3ba674171d93","BART_018.birdGrid.brd","D01","BART","BART_018","distributed",1,"2019-06-18T12:22Z",1,"BRD.BART.2019.1",1,"Y","YBSA","Sphyrapicus varius","species","Yellow-bellied Sapsucker",39,"calling","Yes","Female",1,"WFREE"
"b8c157ec-966f-4752-9f7f-5ea347b1b711","BART_018.birdGrid.brd","D01","BART","BART_018","distributed",1,"2019-06-18T12:22Z",1,"BRD.BART.2019.1",6,"Y","CORA","Corvus corax","species","Common Raven",327,"calling","No","Unknown",2,"WFREE"
"1a443767-8f17-409d-bf64-02cd1aa1c0c1","BART_018.birdGrid.brd","D01","BART","BART_018","distributed",1,"2019-06-18T12:22Z",1,"BRD.BART.2019.1",1,"Y","UNBI","Aves sp.","class","",26,"calling","No","Unknown",1,"WFREE"
"9bfdf05e-70fd-4d0a-acd9-f52cbce8fba4","BART_018.birdGrid.brd","D01","BART","BART_018","distributed",1,"2019-06-18T12:22Z",1,"BRD.BART.2019.1",3,"Y","YBSA","Sphyrapicus varius","species","Yellow-bellied Sapsucker",24,"calling","Yes","Male",1,"WFREE"
"b98f053f-86ef-48a5-8126-870c9aaf74a1","BART_018.birdGrid.brd","D01","BART","BART_018","distributed",1,"2019-06-18T12:22Z",1,"BRD.BART.2019.1",4,"Y","BTNW","Setophaga virens","species","Black-throated Green Warbler",51,"singing","No","Unknown",1,"WFREE"
"e74a04b1-6be7-4778-9fe3-29dab7e56e4b","BART_018.birdGrid.brd","D01","BART","BART_018","distributed",1,"2019-06-18T12:22Z",1,"BRD.BART.2019.1",2,"Y","REVI","Vireo olivaceus","species","Red-eyed Vireo",42,"singing","No","Unknown",1,"WFREE"
"65d6c809-6c00-47e1-b761-1512b56b630e","BART_018.birdGrid.brd","D01","BART","BART_018","distributed",1,"2019-06-18T12:22Z",1,"BRD.BART.2019.1",5,"Y","OVEN","Seiurus aurocapilla","species","Ovenbird",56,"singing","No","Unknown",1,"WFREE"
"612c4439-7053-4251-9dc1-bed114018601","BART_018.birdGrid.brd","D01","BART","BART_018","distributed",1,"2019-06-18T12:22Z",1,"BRD.BART.2019.1",6,"Y","WBNU","Sitta carolinensis","species","White-breasted Nuthatch",58,"calling","No","Unknown",1,"WFREE"
"6b2038cf-9157-4e89-b730-8b4e20d05207","BART_018.birdGrid.brd","D01","BART","BART_018","distributed",2,"2019-06-18T12:41Z",1,"BRD.BART.2019.1",1,"Y","REVI","Vireo olivaceus","species","Red-eyed Vireo",53,"singing","No","Unknown",1,"WFREE"
"a2ae937a-0850-471d-b9da-61ccf4317982","BART_018.birdGrid.brd","D01","BART","BART_018","distributed",2,"2019-06-18T12:41Z",1,"BRD.BART.2019.1",1,"Y","REVI","Vireo olivaceus","species","Red-eyed Vireo",34,"singing","No","Unknown",1,"WFREE"
"5c1a2a69-eb3f-4b04-a7f8-84cc993c833f","BART_018.birdGrid.brd","D01","BART","BART_018","distributed",2,"2019-06-18T12:41Z",1,"BRD.BART.2019.1",6,"Y","BTNW","Setophaga virens","species","Black-throated Green Warbler",78,"singing","No","Unknown",1,"WFREE"
"bc84d489-8100-46f5-8c53-c20778c55f74","BART_018.birdGrid.brd","D01","BART","BART_018","distributed",2,"2019-06-18T12:41Z",1,"BRD.BART.2019.1",2,"Y","BLJA","Cyanocitta cristata","species","Blue Jay",62,"calling","No","Unknown",1,"WFREE"
"cb23ef10-9735-431e-a365-bdc6f560a6ba","BART_018.birdGrid.brd","D01","BART","BART_018","distributed",3,"2019-06-18T13:05Z",1,"BRD.BART.2019.1",2,"Y","BLBW","Setophaga fusca","species","Blackburnian Warbler",46,"singing","No","Unknown",1,"WFREE"
"ffc9f007-abe5-4841-b78b-98a8523a6422","BART_018.birdGrid.brd","D01","BART","BART_018","distributed",3,"2019-06-18T13:05Z",1,"BRD.BART.2019.1",3,"Y","UNTH","Turdidae sp.","family","",95,"singing","No","Unknown",1,"WFREE"
"93840fe5-ea0a-47e0-bc51-52924d21de5f","BART_018.birdGrid.brd","D01","BART","BART_018","distributed",3,"2019-06-18T13:05Z",1,"BRD.BART.2019.1",1,"Y","BLBW","Setophaga fusca","species","Blackburnian Warbler",46,"singing","Yes","Male",1,"WFREE"
"d91dec3d-98b8-4cfa-b0f7-0792194ae993","BART_018.birdGrid.brd","D01","BART","BART_018","distributed",3,"2019-06-18T13:05Z",1,"BRD.BART.2019.1",4,"Y","OVEN","Seiurus aurocapilla","species","Ovenbird",54,"singing","No","Unknown",1,"WFREE"
"2c4ad5b8-30f5-48c5-9bd2-cbcf29784479","BART_018.birdGrid.brd","D01","BART","BART_018","distributed",6,"2019-06-18T13:30Z",1,"BRD.BART.2019.1",3,"Y","YBSA","Sphyrapicus varius","species","Yellow-bellied Sapsucker",59,"drumming","No","Unknown",1,"WFREE"
"abef3827-4d3d-4ef3-8b2d-ddbf7993e8f6","BART_018.birdGrid.brd","D01","BART","BART_018","distributed",6,"2019-06-18T13:30Z",1,"BRD.BART.2019.1",1,"Y","BLBW","Setophaga fusca","species","Blackburnian Warbler",38,"singing","No","Unknown",1,"WFREE"
"bb9d6bce-0ef6-4ad8-b0c9-906e43cbc390","BART_018.birdGrid.brd","D01","BART","BART_018","distributed",6,"2019-06-18T13:30Z",1,"BRD.BART.2019.1",1,"Y","BLBW","Setophaga fusca","species","Blackburnian Warbler",46,"singing","No","Unknown",1,"WFREE"
"e9c2fa2c-3941-4f33-8071-a9298e2f3c2b","BART_016.birdGrid.brd","D01","BART","BART_016","distributed",6,"2019-06-19T10:32Z",1,"BRD.BART.2019.1",1,"Y","REVI","Vireo olivaceus","species","Red-eyed Vireo",43,"calling","No","Unknown",1,"WFREE"
"bb0c6670-5675-49ea-a5f3-25b4376bcf38","BART_016.birdGrid.brd","D01","BART","BART_016","distributed",6,"2019-06-19T10:32Z",1,"BRD.BART.2019.1",1,"Y","OVEN","Seiurus aurocapilla","species","Ovenbird",27,"singing","No","Unknown",1,"WFREE"
"2a399a7c-e0bf-4d38-8368-4bd0a6ecb32e","BART_016.birdGrid.brd","D01","BART","BART_016","distributed",6,"2019-06-19T10:32Z",1,"BRD.BART.2019.1",1,"Y","BTBW","Setophaga caerulescens","species","Black-throated Blue Warbler",41,"singing","No","Unknown",1,"WFREE"
"5e7f38e5-fe99-457e-9844-d238f87ecf98","BART_016.birdGrid.brd","D01","BART","BART_016","distributed",6,"2019-06-19T10:32Z",1,"BRD.BART.2019.1",2,"Y","BTNW","Setophaga virens","species","Black-throated Green Warbler",43,"singing","No","Unknown",1,"WFREE"
"8c85d9b7-4bce-4664-af77-a5ac2c48fecf","BART_016.birdGrid.brd","D01","BART","BART_016","distributed",6,"2019-06-19T10:32Z",1,"BRD.BART.2019.1",1,"Y","REVI","Vireo olivaceus","species","Red-eyed Vireo",57,"singing","No","Unknown",1,"WFREE"
"7f09d137-0afc-4181-b09b-d2ded38890ac","BART_016.birdGrid.brd","D01","BART","BART_016","distributed",6,"2019-06-19T10:32Z",1,"BRD.BART.2019.1",6,"Y","BCCH","Poecile atricapillus","species","Black-capped Chickadee",59,"calling","No","Unknown",1,"WFREE"
"e3273b2f-3ad9-4930-9a9f-89ce134a1688","BART_016.birdGrid.brd","D01","BART","BART_016","distributed",5,"2019-06-19T10:50Z",1,"BRD.BART.2019.1",5,"Y","BTNW","Setophaga virens","species","Black-throated Green Warbler",48,"singing","No","Unknown",1,"WFREE"
"67117003-e9a5-4c2d-a337-d2f6d809d10b","BART_016.birdGrid.brd","D01","BART","BART_016","distributed",5,"2019-06-19T10:50Z",1,"BRD.BART.2019.1",1,"Y","EAWP","Contopus virens","species","Eastern Wood-Pewee",26,"singing","No","Unknown",1,"WFREE"
"c17d4c51-240e-4849-a778-bc13ef41b22f","BART_016.birdGrid.brd","D01","BART","BART_016","distributed",5,"2019-06-19T10:50Z",1,"BRD.BART.2019.1",2,"Y","OVEN","Seiurus aurocapilla","species","Ovenbird",62,"singing","No","Unknown",1,"WFREE"
"e3ba91c0-6058-450c-a8d9-c3f77853e6e4","BART_016.birdGrid.brd","D01","BART","BART_016","distributed",5,"2019-06-19T10:50Z",1,"BRD.BART.2019.1",1,"Y","BTBW","Setophaga caerulescens","species","Black-throated Blue Warbler",52,"singing","No","Unknown",1,"WFREE"
"a58779a0-d80d-4314-bcc2-235764eef186","BART_016.birdGrid.brd","D01","BART","BART_016","distributed",5,"2019-06-19T10:50Z",1,"BRD.BART.2019.1",2,"Y","REVI","Vireo olivaceus","species","Red-eyed Vireo",77,"singing","No","Unknown",1,"WFREE"
"c4931261-3980-4723-a572-51cbf4e42d36","BART_016.birdGrid.brd","D01","BART","BART_016","distributed",5,"2019-06-19T10:50Z",1,"BRD.BART.2019.1",1,"Y","REVI","Vireo olivaceus","species","Red-eyed Vireo",71,"singing","No","Unknown",1,"WFREE"
"600cb544-57c6-453c-9f2d-d01c677e20f2","BART_016.birdGrid.brd","D01","BART","BART_016","distributed",2,"2019-06-19T11:18Z",1,"BRD.BART.2019.1",3,"Y","GCKI","Regulus satrapa","species","Golden-crowned Kinglet",42,"singing","No","Unknown",1,"WFREE"
"e0f6c238-5d7b-4e6f-b2de-707a00cab857","BART_016.birdGrid.brd","D01","BART","BART_016","distributed",2,"2019-06-19T11:18Z",1,"BRD.BART.2019.1",4,"Y","WIWR","Troglodytes hiemalis","species","Winter Wren",114,"calling","No","Unknown",1,"WFREE"
"b13fb464-2ff8-4a9a-97ab-358e2e4d8812","BART_016.birdGrid.brd","D01","BART","BART_016","distributed",2,"2019-06-19T11:18Z",1,"BRD.BART.2019.1",5,"Y","BTBW","Setophaga caerulescens","species","Black-throated Blue Warbler",37,"singing","No","Unknown",1,"WFREE"
"5f7caa14-8387-49a6-97c6-123d089ada4a","BART_016.birdGrid.brd","D01","BART","BART_016","distributed",2,"2019-06-19T11:18Z",1,"BRD.BART.2019.1",3,"Y","CEDW","Bombycilla cedrorum","species","Cedar Waxwing",22,"flyover","No","Unknown",1,"WFREE"
"1cbf25c3-0b6c-4b05-85a9-0d1ac6b27d78","BART_016.birdGrid.brd","D01","BART","BART_016","distributed",2,"2019-06-19T11:18Z",1,"BRD.BART.2019.1",6,"Y","BLBW","Setophaga fusca","species","Blackburnian Warbler",24,"singing","No","Unknown",1,"WFREE"
"d497cb21-4374-4742-b08c-2850b403a98f","BART_016.birdGrid.brd","D01","BART","BART_016","distributed",2,"2019-06-19T11:18Z",1,"BRD.BART.2019.1",4,"Y","UNTH","Turdidae sp.","family","",60,"singing","No","Unknown",1,"WFREE"
"dc1df371-4edb-4409-8c10-4c6102c78961","BART_016.birdGrid.brd","D01","BART","BART_016","distributed",2,"2019-06-19T11:18Z",1,"BRD.BART.2019.1",1,"Y","OVEN","Seiurus aurocapilla","species","Ovenbird",67,"singing","No","Unknown",1,"WFREE"
"6bbb1695-9c3e-49f4-9f89-a006ce44ce44","BART_016.birdGrid.brd","D01","BART","BART_016","distributed",2,"2019-06-19T11:18Z",1,"BRD.BART.2019.1",1,"Y","BCCH","Poecile atricapillus","species","Black-capped Chickadee",55,"singing","No","Unknown",1,"WFREE"
"6b7e2919-36c8-4dbe-bf30-e8e6ff7392ad","BART_016.birdGrid.brd","D01","BART","BART_016","distributed",2,"2019-06-19T11:18Z",1,"BRD.BART.2019.1",4,"Y","UNBI","Aves sp.","class","",34,"calling","No","Unknown",1,"WFREE"
"7720e9c3-7b1c-4c8c-8c28-64699877e9e5","BART_016.birdGrid.brd","D01","BART","BART_016","distributed",2,"2019-06-19T11:18Z",1,"BRD.BART.2019.1",1,"Y","BTNW","Setophaga virens","species","Black-throated Green Warbler",36,"singing","No","Unknown",1,"WFREE"
"156495c5-736b-44ab-abd5-e56b109f4a7a","BART_016.birdGrid.brd","D01","BART","BART_016","distributed",2,"2019-06-19T11:18Z",1,"BRD.BART.2019.1",1,"Y","BLBW","Setophaga fusca","species","Blackburnian Warbler",19,"singing","No","Unknown",1,"WFREE"
"0740ce53-e311-4acb-890a-e940971d170b","BART_016.birdGrid.brd","D01","BART","BART_016","distributed",1,"2019-06-19T11:43Z",1,"BRD.BART.2019.1",1,"Y","HETH","Catharus guttatus","species","Hermit Thrush",94,"singing","No","Unknown",1,"WFREE"
"a022242a-f039-42f5-8776-d4c7c7c5c782","BART_016.birdGrid.brd","D01","BART","BART_016","distributed",1,"2019-06-19T11:43Z",1,"BRD.BART.2019.1",2,"Y","OVEN","Seiurus aurocapilla","species","Ovenbird",66,"singing","No","Unknown",1,"WFREE"
"0d60188e-cb1d-4b6c-820c-975528446d1e","BART_016.birdGrid.brd","D01","BART","BART_016","distributed",1,"2019-06-19T11:43Z",1,"BRD.BART.2019.1",5,"Y","GCKI","Regulus satrapa","species","Golden-crowned Kinglet",45,"singing","No","Unknown",1,"WFREE"
"8c6335c3-b528-4311-a07e-5c98642b0b57","BART_016.birdGrid.brd","D01","BART","BART_016","distributed",1,"2019-06-19T11:43Z",1,"BRD.BART.2019.1",3,"Y","REVI","Vireo olivaceus","species","Red-eyed Vireo",48,"singing","No","Unknown",1,"WFREE"
"1e6c124f-cb5c-4588-8ced-51e3f370ac9b","BART_016.birdGrid.brd","D01","BART","BART_016","distributed",1,"2019-06-19T11:43Z",1,"BRD.BART.2019.1",1,"Y","WIWR","Troglodytes hiemalis","species","Winter Wren",86,"singing","No","Unknown",1,"WFREE"
"935ce7e1-fab6-4908-832d-de15ff9f2ac8","BART_016.birdGrid.brd","D01","BART","BART_016","distributed",1,"2019-06-19T11:43Z",1,"BRD.BART.2019.1",4,"Y","UNWO","Picidae sp.","family","",51,"drumming","No","Unknown",1,"WFREE"
"a75086c0-e2e1-4163-aca2-10457c55c284","BART_016.birdGrid.brd","D01","BART","BART_016","distributed",1,"2019-06-19T11:43Z",1,"BRD.BART.2019.1",6,"Y","BTNW","Setophaga virens","species","Black-throated Green Warbler",28,"singing","No","Unknown",1,"WFREE"
"4cfd388f-9b1a-4ca4-9d4c-e522419eb7b2","BART_016.birdGrid.brd","D01","BART","BART_016","distributed",4,"2019-06-19T12:07Z",1,"BRD.BART.2019.1",1,"Y","REVI","Vireo olivaceus","species","Red-eyed Vireo",61,"singing","No","Unknown",1,"WFREE"
"2d7d8d0f-e196-4863-9070-abdc1e983fcf","BART_016.birdGrid.brd","D01","BART","BART_016","distributed",4,"2019-06-19T12:07Z",1,"BRD.BART.2019.1",5,"Y","REVI","Vireo olivaceus","species","Red-eyed Vireo",82,"singing","No","Unknown",1,"WFREE"
"89dcfea1-8847-4bda-bff6-7a7190a9edaf","BART_016.birdGrid.brd","D01","BART","BART_016","distributed",4,"2019-06-19T12:07Z",1,"BRD.BART.2019.1",3,"Y","BLJA","Cyanocitta cristata","species","Blue Jay",64,"calling","No","Unknown",1,"WFREE"
"771ca7fb-786b-4d23-a235-c6f36b86ba50","BART_016.birdGrid.brd","D01","BART","BART_016","distributed",4,"2019-06-19T12:07Z",1,"BRD.BART.2019.1",1,"Y","OVEN","Seiurus aurocapilla","species","Ovenbird",65,"singing","No","Unknown",1,"WFREE"
"456bee97-aba7-49b6-8c16-a3227e50ede3","BART_016.birdGrid.brd","D01","BART","BART_016","distributed",4,"2019-06-19T12:07Z",1,"BRD.BART.2019.1",1,"Y","REVI","Vireo olivaceus","species","Red-eyed Vireo",15,"singing","No","Unknown",1,"WFREE"
"9bbd18e0-fd7d-4ea2-901e-7c2846774916","BART_016.birdGrid.brd","D01","BART","BART_016","distributed",4,"2019-06-19T12:07Z",1,"BRD.BART.2019.1",1,"Y","OVEN","Seiurus aurocapilla","species","Ovenbird",38,"singing","No","Unknown",1,"WFREE"
"ccae726f-8913-4c12-8a34-62570444ed84","BART_016.birdGrid.brd","D01","BART","BART_016","distributed",3,"2019-06-19T12:33Z",1,"BRD.BART.2019.1",1,"Y","REVI","Vireo olivaceus","species","Red-eyed Vireo",42,"singing","No","Unknown",1,"WFREE"
"5dbd1ede-155a-4ca1-9017-704ce54a73c3","BART_016.birdGrid.brd","D01","BART","BART_016","distributed",3,"2019-06-19T12:33Z",1,"BRD.BART.2019.1",2,"Y","OVEN","Seiurus aurocapilla","species","Ovenbird",86,"singing","No","Unknown",1,"WFREE"
"ac0f2f43-ea0f-4572-9a99-708bcecabddb","BART_016.birdGrid.brd","D01","BART","BART_016","distributed",9,"2019-06-19T13:04Z",1,"BRD.BART.2019.1",2,"Y","REVI","Vireo olivaceus","species","Red-eyed Vireo",23,"singing","No","Unknown",1,"WFREE"
"b2d63467-5790-401c-a77d-b21301d3088b","BART_016.birdGrid.brd","D01","BART","BART_016","distributed",9,"2019-06-19T13:04Z",1,"BRD.BART.2019.1",1,"Y","EAWP","Contopus virens","species","Eastern Wood-Pewee",79,"calling","No","Unknown",1,"WFREE"
"5cbcb074-2d62-42af-a601-1ce3154c1a88","BART_016.birdGrid.brd","D01","BART","BART_016","distributed",9,"2019-06-19T13:04Z",1,"BRD.BART.2019.1",2,"Y","AMRE","Setophaga ruticilla","species","American Redstart",25,"singing","No","Unknown",1,"WFREE"
"219e0d2e-cfd2-4137-962d-2e25f3646510","BART_016.birdGrid.brd","D01","BART","BART_016","distributed",9,"2019-06-19T13:04Z",1,"BRD.BART.2019.1",5,"Y","OVEN","Seiurus aurocapilla","species","Ovenbird",70,"singing","No","Unknown",1,"WFREE"
"decb2b45-a91b-4b1a-9540-a1bb8e18c519","BART_016.birdGrid.brd","D01","BART","BART_016","distributed",9,"2019-06-19T13:04Z",1,"BRD.BART.2019.1",6,"Y","AMRE","Setophaga ruticilla","species","American Redstart",46,"singing","No","Unknown",1,"WFREE"
"b29a4322-b5c9-43f4-82c6-f52e7ce27c7c","BART_016.birdGrid.brd","D01","BART","BART_016","distributed",9,"2019-06-19T13:04Z",1,"BRD.BART.2019.1",1,"Y","AMRE","Setophaga ruticilla","species","American Redstart",34,"singing","No","Unknown",1,"WFREE"
"42f98781-b3bb-4a7a-a98a-9502e1c9be45","BART_016.birdGrid.brd","D01","BART","BART_016","distributed",9,"2019-06-19T13:04Z",1,"BRD.BART.2019.1",1,"Y","EAWP","Contopus virens","species","Eastern Wood-Pewee",45,"calling","No","Unknown",1,"WFREE"
"fa3e15b3-caba-41d8-a149-0d664908d739","BART_016.birdGrid.brd","D01","BART","BART_016","distributed",9,"2019-06-19T13:04Z",1,"BRD.BART.2019.1",4,"Y","BTBW","Setophaga caerulescens","species","Black-throated Blue Warbler",51,"singing","No","Unknown",1,"WFREE"
"911fda87-6ad3-486f-918e-c098ae84d1f6","BART_016.birdGrid.brd","D01","BART","BART_016","distributed",9,"2019-06-19T13:04Z",1,"BRD.BART.2019.1",3,"Y","UNWA","Parulidae sp.","family","",36,"singing","No","Unknown",1,"WFREE"
"b8a115b4-f0bd-4886-8c4f-fb38ca3fd6b7","BART_016.birdGrid.brd","D01","BART","BART_016","distributed",8,"2019-06-19T13:30Z",1,"BRD.BART.2019.1",1,"Y","OVEN","Seiurus aurocapilla","species","Ovenbird",18,"singing","No","Unknown",1,"WFREE"
"03768f71-7231-4c57-b4d3-3447a3d3ae53","BART_016.birdGrid.brd","D01","BART","BART_016","distributed",8,"2019-06-19T13:30Z",1,"BRD.BART.2019.1",1,"Y","BHVI","Vireo solitarius","species","Blue-headed Vireo",33,"singing","No","Unknown",1,"WFREE"
"e245d9a8-f033-4431-b026-47ab3b7da174","BART_016.birdGrid.brd","D01","BART","BART_016","distributed",8,"2019-06-19T13:30Z",1,"BRD.BART.2019.1",1,"Y","BLBW","Setophaga fusca","species","Blackburnian Warbler",20,"singing","No","Unknown",1,"WFREE"
"bfdf9f7b-0b1c-44dd-8b22-9d74300ebedb","BART_016.birdGrid.brd","D01","BART","BART_016","distributed",8,"2019-06-19T13:30Z",1,"BRD.BART.2019.1",1,"Y","CSWA","Setophaga pensylvanica","species","Chestnut-sided Warbler",21,"singing","No","Unknown",1,"WFREE"
"159deb57-b9d1-42fc-a04a-f8bcc9e5e044","BART_016.birdGrid.brd","D01","BART","BART_016","distributed",8,"2019-06-19T13:30Z",1,"BRD.BART.2019.1",2,"Y","BTNW","Setophaga virens","species","Black-throated Green Warbler",35,"singing","No","Unknown",1,"WFREE"
"284e4d3e-350c-4bcb-b617-83ac22d83ef4","BART_016.birdGrid.brd","D01","BART","BART_016","distributed",7,"2019-06-19T13:54Z",1,"BRD.BART.2019.1",1,"Y","REVI","Vireo olivaceus","species","Red-eyed Vireo",15,"visual","Yes","Unknown",1,"WFREE"
"ac4a08e3-9782-4d7a-a5da-e25ac82a34a3","BART_016.birdGrid.brd","D01","BART","BART_016","distributed",7,"2019-06-19T13:54Z",1,"BRD.BART.2019.1",1,"Y","REVI","Vireo olivaceus","species","Red-eyed Vireo",15,"visual","Yes","Unknown",1,"WFREE"
"d1c9a2a0-5937-467e-a782-b5e8e8858060","BART_016.birdGrid.brd","D01","BART","BART_016","distributed",7,"2019-06-19T13:54Z",1,"BRD.BART.2019.1",3,"Y","BLBW","Setophaga fusca","species","Blackburnian Warbler",37,"singing","No","Unknown",1,"WFREE"
"d03227d9-7662-43e4-94a1-f94d5edd1e41","BART_016.birdGrid.brd","D01","BART","BART_016","distributed",7,"2019-06-19T13:54Z",1,"BRD.BART.2019.1",2,"Y","HAWO","Picoides villosus","species","Hairy Woodpecker",22,"calling","Yes","Unknown",1,"WFREE"
"119d79c1-549b-4c95-a21b-41ab6bd57695","BART_004.birdGrid.brd","D01","BART","BART_004","distributed",1,"2019-06-20T10:42Z",1,"BRD.BART.2019.1",1,"Y","OVEN","Seiurus aurocapilla","species","Ovenbird",47,"singing","No","Unknown",1,"WFREE"
"0e53f193-a2fb-4b9c-9892-a86d03a0fbd2","BART_004.birdGrid.brd","D01","BART","BART_004","distributed",1,"2019-06-20T10:42Z",1,"BRD.BART.2019.1",1,"Y","REVI","Vireo olivaceus","species","Red-eyed Vireo",66,"singing","No","Unknown",1,"WFREE"
"c47a2f92-2b45-4c4e-a629-e37a11835222","BART_004.birdGrid.brd","D01","BART","BART_004","distributed",1,"2019-06-20T10:42Z",1,"BRD.BART.2019.1",1,"Y","EAWP","Contopus virens","species","Eastern Wood-Pewee",62,"singing","No","Unknown",1,"WFREE"
"7c507aba-f38b-493e-932b-d48e4c8b6afa","BART_004.birdGrid.brd","D01","BART","BART_004","distributed",1,"2019-06-20T10:42Z",1,"BRD.BART.2019.1",1,"Y","HAWO","Picoides villosus","species","Hairy Woodpecker",32,"singing","No","Unknown",1,"WFREE"
"cfb98055-6c9b-4170-9398-115ffe1e4d37","BART_004.birdGrid.brd","D01","BART","BART_004","distributed",1,"2019-06-20T10:42Z",1,"BRD.BART.2019.1",1,"Y","EAWP","Contopus virens","species","Eastern Wood-Pewee",64,"singing","No","Unknown",1,"WFREE"
"e1b89b3f-da7e-4070-9a16-95196819dd3d","BART_004.birdGrid.brd","D01","BART","BART_004","distributed",1,"2019-06-20T10:42Z",1,"BRD.BART.2019.1",1,"Y","BTBW","Setophaga caerulescens","species","Black-throated Blue Warbler",42,"singing","No","Unknown",1,"WFREE"
"1356056f-a793-419d-acf2-bb04fb26a90e","BART_004.birdGrid.brd","D01","BART","BART_004","distributed",4,"2019-06-20T11:07Z",1,"BRD.BART.2019.1",3,"Y","OVEN","Seiurus aurocapilla","species","Ovenbird",51,"singing","No","Unknown",1,"WFREE"
"d6a13fae-91c6-413a-9528-ddf2ff6185ce","BART_004.birdGrid.brd","D01","BART","BART_004","distributed",4,"2019-06-20T11:07Z",1,"BRD.BART.2019.1",6,"Y","BTBW","Setophaga caerulescens","species","Black-throated Blue Warbler",60,"singing","No","Unknown",1,"WFREE"
"23f5a38a-2d8a-427b-937b-9ecb63cf1960","BART_004.birdGrid.brd","D01","BART","BART_004","distributed",4,"2019-06-20T11:07Z",1,"BRD.BART.2019.1",1,"Y","BRCR","Certhia americana","species","Brown Creeper",18,"singing","No","Unknown",1,"WFREE"
"1a1817b5-a6ba-4b2a-b993-e9e6b51bb13e","BART_004.birdGrid.brd","D01","BART","BART_004","distributed",4,"2019-06-20T11:07Z",1,"BRD.BART.2019.1",6,"Y","REVI","Vireo olivaceus","species","Red-eyed Vireo",48,"singing","No","Unknown",1,"WFREE"
"648efbd2-92cf-42b2-8f5b-ceb7de144c64","BART_004.birdGrid.brd","D01","BART","BART_004","distributed",4,"2019-06-20T11:07Z",1,"BRD.BART.2019.1",4,"Y","BLBW","Setophaga fusca","species","Blackburnian Warbler",47,"singing","No","Unknown",1,"WFREE"
"48e1bafa-5510-4bec-bb73-1062f19616ca","BART_004.birdGrid.brd","D01","BART","BART_004","distributed",4,"2019-06-20T11:07Z",1,"BRD.BART.2019.1",6,"Y","OVEN","Seiurus aurocapilla","species","Ovenbird",103,"singing","No","Unknown",1,"WFREE"
"bb23e38f-320d-4f5d-8f1b-18ee2383e968","BART_004.birdGrid.brd","D01","BART","BART_004","distributed",4,"2019-06-20T11:07Z",1,"BRD.BART.2019.1",5,"Y","BTNW","Setophaga virens","species","Black-throated Green Warbler",69,"singing","No","Unknown",1,"WFREE"
"3f48f2db-501d-490a-89aa-682ef51e4c7b","BART_004.birdGrid.brd","D01","BART","BART_004","distributed",7,"2019-06-20T11:39Z",1,"BRD.BART.2019.1",1,"Y","OVEN","Seiurus aurocapilla","species","Ovenbird",40,"singing","No","Unknown",1,"WFREE"
"280aea46-2c18-4a97-b123-d9cfc1790bf6","BART_004.birdGrid.brd","D01","BART","BART_004","distributed",7,"2019-06-20T11:39Z",1,"BRD.BART.2019.1",2,"Y","BTBW","Setophaga caerulescens","species","Black-throated Blue Warbler",53,"singing","No","Unknown",1,"WFREE"
"62b962c5-adc8-4bbd-9e0e-6dffe216de26","BART_004.birdGrid.brd","D01","BART","BART_004","distributed",7,"2019-06-20T11:39Z",1,"BRD.BART.2019.1",1,"Y","BTNW","Setophaga virens","species","Black-throated Green Warbler",39,"singing","No","Unknown",1,"WFREE"
"a105dc25-598e-4a66-a77a-19c611956c52","BART_004.birdGrid.brd","D01","BART","BART_004","distributed",7,"2019-06-20T11:39Z",1,"BRD.BART.2019.1",4,"Y","UNBI","Aves sp.","class","",22,"calling","Yes","Unknown",2,"WFREE"
"5b464865-0903-405d-b07d-3bfd55615eec","BART_004.birdGrid.brd","D01","BART","BART_004","distributed",7,"2019-06-20T11:39Z",1,"BRD.BART.2019.1",5,"Y","UNWO","Picidae sp.","family","",3,"drumming","No","Unknown",1,"WFREE"
"6964e9b6-6d8c-4094-bd4e-97d8b366d4d6","BART_004.birdGrid.brd","D01","BART","BART_004","distributed",8,"2019-06-20T12:04Z",1,"BRD.BART.2019.1",1,"Y","REVI","Vireo olivaceus","species","Red-eyed Vireo",63,"singing","No","Unknown",1,"WFREE"
"d7ce65bf-009d-4d4d-8ad4-c2e552edeb21","BART_004.birdGrid.brd","D01","BART","BART_004","distributed",8,"2019-06-20T12:04Z",1,"BRD.BART.2019.1",3,"Y","OVEN","Seiurus aurocapilla","species","Ovenbird",87,"singing","No","Unknown",1,"WFREE"
"bee4b6e7-e12f-4003-a1e1-32538660a27e","BART_004.birdGrid.brd","D01","BART","BART_004","distributed",8,"2019-06-20T12:04Z",1,"BRD.BART.2019.1",1,"Y","REVI","Vireo olivaceus","species","Red-eyed Vireo",66,"singing","No","Unknown",1,"WFREE"
"97906313-b34c-429e-be2a-254589366abc","BART_004.birdGrid.brd","D01","BART","BART_004","distributed",8,"2019-06-20T12:04Z",1,"BRD.BART.2019.1",2,"Y","BCCH","Poecile atricapillus","species","Black-capped Chickadee",74,"singing","No","Unknown",1,"WFREE"
"2e16fab1-7e9b-42f1-b175-a1e5cdc00537","BART_004.birdGrid.brd","D01","BART","BART_004","distributed",9,"2019-06-20T12:26Z",1,"BRD.BART.2019.1",2,"Y","BTNW","Setophaga virens","species","Black-throated Green Warbler",27,"singing","No","Unknown",1,"WFREE"
"bafde23a-2460-4705-a41a-ef792793501b","BART_004.birdGrid.brd","D01","BART","BART_004","distributed",9,"2019-06-20T12:26Z",1,"BRD.BART.2019.1",3,"Y","YBSA","Sphyrapicus varius","species","Yellow-bellied Sapsucker",52,"calling","No","Unknown",1,"WFREE"
"b7003db8-e0d0-441c-854a-59964150f9d4","BART_004.birdGrid.brd","D01","BART","BART_004","distributed",9,"2019-06-20T12:26Z",1,"BRD.BART.2019.1",1,"Y","BLJA","Cyanocitta cristata","species","Blue Jay",24,"calling","No","Unknown",1,"WFREE"
"8eaa119b-6677-48ea-9e00-b2ac29be0a4a","BART_004.birdGrid.brd","D01","BART","BART_004","distributed",5,"2019-06-20T12:49Z",1,"BRD.BART.2019.1",4,"Y","UNWA","Parulidae sp.","family","",54,"singing","No","Unknown",1,"WFREE"
"d275b248-ef20-466f-989e-f0be595d3706","BART_004.birdGrid.brd","D01","BART","BART_004","distributed",5,"2019-06-20T12:49Z",1,"BRD.BART.2019.1",1,"Y","SWTH","Catharus ustulatus","species","Swainson's Thrush",37,"calling","No","Unknown",1,"WFREE"
"b8bbfaf2-557f-4693-87e9-7e624325e282","BART_004.birdGrid.brd","D01","BART","BART_004","distributed",5,"2019-06-20T12:49Z",1,"BRD.BART.2019.1",1,"Y","OVEN","Seiurus aurocapilla","species","Ovenbird",43,"singing","No","Unknown",1,"WFREE"
"aff799de-c7cb-41fd-a4ac-2792b859b6ae","BART_004.birdGrid.brd","D01","BART","BART_004","distributed",5,"2019-06-20T12:49Z",1,"BRD.BART.2019.1",1,"Y","SWTH","Catharus ustulatus","species","Swainson's Thrush",31,"calling and singing","No","Unknown",1,"WFREE"
"2b858596-c326-40bd-bbbe-0752f32b410e","BART_004.birdGrid.brd","D01","BART","BART_004","distributed",5,"2019-06-20T12:49Z",1,"BRD.BART.2019.1",2,"Y","BLBW","Setophaga fusca","species","Blackburnian Warbler",46,"singing","No","Unknown",1,"WFREE"
"62d39bb0-4658-4ff8-99a3-c6142fccbd93","BART_004.birdGrid.brd","D01","BART","BART_004","distributed",6,"2019-06-20T13:11Z",1,"BRD.BART.2019.1",2,"Y","BTBW","Setophaga caerulescens","species","Black-throated Blue Warbler",47,"singing","No","Unknown",1,"WFREE"
"b188e325-2497-466e-ae17-6469230d3286","BART_004.birdGrid.brd","D01","BART","BART_004","distributed",6,"2019-06-20T13:11Z",1,"BRD.BART.2019.1",3,"Y","REVI","Vireo olivaceus","species","Red-eyed Vireo",62,"singing","No","Unknown",1,"WFREE"
"66756dc2-609c-4924-b845-26a3d7fbb880","BART_004.birdGrid.brd","D01","BART","BART_004","distributed",6,"2019-06-20T13:11Z",1,"BRD.BART.2019.1",5,"Y","REVI","Vireo olivaceus","species","Red-eyed Vireo",52,"singing","No","Unknown",1,"WFREE"
"a7065c1a-cb21-494d-9281-cc15b6fb4af8","BART_004.birdGrid.brd","D01","BART","BART_004","distributed",6,"2019-06-20T13:11Z",1,"BRD.BART.2019.1",1,"Y","BTNW","Setophaga virens","species","Black-throated Green Warbler",35,"singing","No","Unknown",1,"WFREE"
"6f2cd509-b31d-47f5-ad99-c8e951bdd0d9","BART_004.birdGrid.brd","D01","BART","BART_004","distributed",3,"2019-06-20T13:31Z",1,"BRD.BART.2019.1",4,"Y","UNWA","Parulidae sp.","family","",39,"calling","No","Unknown",1,"WFREE"
"92212e43-339e-47bb-8a7c-088c6368d531","BART_004.birdGrid.brd","D01","BART","BART_004","distributed",3,"2019-06-20T13:31Z",1,"BRD.BART.2019.1",1,"Y","REVI","Vireo olivaceus","species","Red-eyed Vireo",44,"singing","No","Unknown",1,"WFREE"
"382e9001-9933-4d94-8588-5980da9b6374","BART_004.birdGrid.brd","D01","BART","BART_004","distributed",3,"2019-06-20T13:31Z",1,"BRD.BART.2019.1",2,"Y","BTNW","Setophaga virens","species","Black-throated Green Warbler",56,"singing","No","Unknown",1,"WFREE"
"211f3f23-ea82-43df-bf79-654cc64f26ad","BART_004.birdGrid.brd","D01","BART","BART_004","distributed",3,"2019-06-20T13:31Z",1,"BRD.BART.2019.1",1,"Y","OVEN","Seiurus aurocapilla","species","Ovenbird",35,"singing","No","Unknown",1,"WFREE"
"b0992cf7-3c04-462c-9783-51f40d01b8e9","BART_004.birdGrid.brd","D01","BART","BART_004","distributed",3,"2019-06-20T13:31Z",1,"BRD.BART.2019.1",1,"Y","BTNW","Setophaga virens","species","Black-throated Green Warbler",22,"singing","No","Unknown",1,"WFREE"
"838d0548-7b0c-4bd4-bfb9-45e4a6277202","BART_004.birdGrid.brd","D01","BART","BART_004","distributed",3,"2019-06-20T13:31Z",1,"BRD.BART.2019.1",2,"Y","REVI","Vireo olivaceus","species","Red-eyed Vireo",62,"singing","No","Unknown",1,"WFREE"
"991ce978-7d76-4206-9c81-0c9cb5c19cf9","BART_004.birdGrid.brd","D01","BART","BART_004","distributed",3,"2019-06-20T13:31Z",1,"BRD.BART.2019.1",3,"Y","BLBW","Setophaga fusca","species","Blackburnian Warbler",39,"singing","Yes","Male",1,"WFREE"
"591c0ad5-d504-4ee8-b898-93e40e307898","BART_004.birdGrid.brd","D01","BART","BART_004","distributed",2,"2019-06-20T13:54Z",1,"BRD.BART.2019.1",1,"Y","OVEN","Seiurus aurocapilla","species","Ovenbird",29,"singing","No","Unknown",1,"WFREE"
"3510f4c9-596b-459d-b629-aaaf03e73d36","BART_004.birdGrid.brd","D01","BART","BART_004","distributed",2,"2019-06-20T13:54Z",1,"BRD.BART.2019.1",6,"Y","BTNW","Setophaga virens","species","Black-throated Green Warbler",48,"singing","No","Unknown",1,"WFREE"
"ae39ee40-a3a8-4f9b-b9d9-0c9d9bcbed7c","BART_004.birdGrid.brd","D01","BART","BART_004","distributed",2,"2019-06-20T13:54Z",1,"BRD.BART.2019.1",1,"Y","BTNW","Setophaga virens","species","Black-throated Green Warbler",32,"singing","No","Unknown",1,"WFREE"
"6b4201e3-381d-4071-93e0-5a5df7820a70","BART_004.birdGrid.brd","D01","BART","BART_004","distributed",2,"2019-06-20T13:54Z",1,"BRD.BART.2019.1",1,"Y","BLBW","Setophaga fusca","species","Blackburnian Warbler",26,"singing","No","Unknown",1,"WFREE"
"e455e952-3eb2-4d76-8928-17f691727618","BART_004.birdGrid.brd","D01","BART","BART_004","distributed",2,"2019-06-20T13:54Z",1,"BRD.BART.2019.1",2,"Y","OVEN","Seiurus aurocapilla","species","Ovenbird",38,"singing","No","Unknown",1,"WFREE"
"ee7fdf7b-2435-404c-9f12-809b0e5ec5db","BART_015.birdGrid.brd","D01","BART","BART_015","distributed",1,"2019-06-21T10:35Z",1,"BRD.BART.2019.1",3,"Y","UNBI","Aves sp.","class","",36,"calling","No","Unknown",1,"WFREE"
"89374fbe-f213-42fd-8934-291ea8236065","BART_015.birdGrid.brd","D01","BART","BART_015","distributed",1,"2019-06-21T10:35Z",1,"BRD.BART.2019.1",1,"Y","BHVI","Vireo solitarius","species","Blue-headed Vireo",6,"unknown","No","Unknown",1,"WFREE"
"2373487b-4daa-4c25-9556-86931ab02c5d","BART_015.birdGrid.brd","D01","BART","BART_015","distributed",1,"2019-06-21T10:35Z",1,"BRD.BART.2019.1",5,"Y","BTNW","Setophaga virens","species","Black-throated Green Warbler",23,"singing","No","Unknown",1,"WFREE"
"6f302578-da5d-4f14-9f17-8a25dd325a7d","BART_015.birdGrid.brd","D01","BART","BART_015","distributed",4,"2019-06-21T10:55Z",1,"BRD.BART.2019.1",1,"Y","REVI","Vireo olivaceus","species","Red-eyed Vireo",37,"singing","No","Unknown",1,"WFREE"
"a565dae2-c868-4e93-a5d5-402019a2acd2","BART_015.birdGrid.brd","D01","BART","BART_015","distributed",4,"2019-06-21T10:55Z",1,"BRD.BART.2019.1",4,"Y","BLBW","Setophaga fusca","species","Blackburnian Warbler",34,"singing","No","Unknown",1,"WFREE"
"cfcab345-c1b2-4462-af2d-0f1ae78f6f96","BART_015.birdGrid.brd","D01","BART","BART_015","distributed",4,"2019-06-21T10:55Z",1,"BRD.BART.2019.1",5,"Y","WIWR","Troglodytes hiemalis","species","Winter Wren",65,"singing","No","Unknown",1,"WFREE"
"42da7cf3-e1e7-47f5-87bb-f9774b930866","BART_015.birdGrid.brd","D01","BART","BART_015","distributed",7,"2019-06-21T11:23Z",1,"BRD.BART.2019.1",3,"Y","REVI","Vireo olivaceus","species","Red-eyed Vireo",56,"singing","No","Unknown",1,"WFREE"
"85377574-1a67-4eaf-8f88-fa15b9ad1c35","BART_015.birdGrid.brd","D01","BART","BART_015","distributed",7,"2019-06-21T11:23Z",1,"BRD.BART.2019.1",1,"Y","HETH","Catharus guttatus","species","Hermit Thrush",88,"singing","No","Unknown",1,"WFREE"
"3784d26f-4f99-425e-be76-ff509be55785","BART_015.birdGrid.brd","D01","BART","BART_015","distributed",7,"2019-06-21T11:23Z",1,"BRD.BART.2019.1",2,"Y","OVEN","Seiurus aurocapilla","species","Ovenbird",92,"singing","No","Unknown",1,"WFREE"
"9095e7d6-cd68-46ca-9752-332d1a6943d4","BART_015.birdGrid.brd","D01","BART","BART_015","distributed",8,"2019-06-21T11:47Z",1,"BRD.BART.2019.1",2,"Y","BCCH","Poecile atricapillus","species","Black-capped Chickadee",28,"singing","No","Unknown",1,"WFREE"
"899e26ca-e016-4588-8d99-9e22a234f0fd","BART_015.birdGrid.brd","D01","BART","BART_015","distributed",8,"2019-06-21T11:47Z",1,"BRD.BART.2019.1",1,"Y","UNBI","Aves sp.","class","",59,"calling","No","Unknown",1,"WFREE"
"3199b738-1f49-4f5c-8104-fc210e43241a","BART_015.birdGrid.brd","D01","BART","BART_015","distributed",8,"2019-06-21T11:47Z",1,"BRD.BART.2019.1",1,"Y","BCCH","Poecile atricapillus","species","Black-capped Chickadee",58,"calling and singing","No","Unknown",1,"WFREE"
"eda71cdb-b5ac-4ffe-8176-56ab8d212b02","BART_015.birdGrid.brd","D01","BART","BART_015","distributed",5,"2019-06-21T13:01Z",1,"BRD.BART.2019.1",2,"Y","BHVI","Vireo solitarius","species","Blue-headed Vireo",40,"singing","No","Unknown",1,"WFREE"
"1529a97e-84ce-47b7-ae96-7c13b5efaee4","BART_015.birdGrid.brd","D01","BART","BART_015","distributed",5,"2019-06-21T13:01Z",1,"BRD.BART.2019.1",4,"Y","BTNW","Setophaga virens","species","Black-throated Green Warbler",32,"singing","No","Unknown",1,"WFREE"
"fb620d32-4009-4038-934a-5a664f363cba","BART_015.birdGrid.brd","D01","BART","BART_015","distributed",3,"2019-06-21T13:28Z",1,"BRD.BART.2019.1",1,"Y","BTNW","Setophaga virens","species","Black-throated Green Warbler",24,"singing","No","Unknown",1,"WFREE"
"a0ab6332-ae59-445b-90d2-160cac7e74b0","BART_015.birdGrid.brd","D01","BART","BART_015","distributed",3,"2019-06-21T13:28Z",1,"BRD.BART.2019.1",6,"Y","OVEN","Seiurus aurocapilla","species","Ovenbird",57,"singing","No","Unknown",1,"WFREE"
"b9b29284-6bc3-45f7-ba38-040e4732ac29","BART_015.birdGrid.brd","D01","BART","BART_015","distributed",3,"2019-06-21T13:28Z",1,"BRD.BART.2019.1",1,"Y","REVI","Vireo olivaceus","species","Red-eyed Vireo",16,"singing","No","Unknown",1,"WFREE"
"2aed7a79-602c-4e41-b0fc-91f8405359b3","BART_015.birdGrid.brd","D01","BART","BART_015","distributed",3,"2019-06-21T13:28Z",1,"BRD.BART.2019.1",1,"Y","BTBW","Setophaga caerulescens","species","Black-throated Blue Warbler",44,"singing","No","Unknown",1,"WFREE"
"996480c1-6329-4f14-bf82-fccd8d121b4f","BART_015.birdGrid.brd","D01","BART","BART_015","distributed",3,"2019-06-21T13:28Z",1,"BRD.BART.2019.1",2,"Y","REVI","Vireo olivaceus","species","Red-eyed Vireo",46,"singing","No","Unknown",1,"WFREE"
"f883945c-d384-4684-b5ff-041109bfdb9f","BART_015.birdGrid.brd","D01","BART","BART_015","distributed",2,"2019-06-21T13:53Z",1,"BRD.BART.2019.1",1,"Y","REVI","Vireo olivaceus","species","Red-eyed Vireo",35,"singing","No","Unknown",1,"WFREE"
"b0c4376b-d581-48e0-a4b5-a34bae04148a","BART_015.birdGrid.brd","D01","BART","BART_015","distributed",2,"2019-06-21T13:53Z",1,"BRD.BART.2019.1",2,"Y","OVEN","Seiurus aurocapilla","species","Ovenbird",38,"singing","No","Unknown",1,"WFREE"
"308bd625-a95c-4a35-b367-916ffdcbd290","BART_082.birdGrid.brd","D01","BART","BART_082","distributed",9,"2019-06-22T10:19Z",1,"BRD.BART.2019.1",4,"Y","OVEN","Seiurus aurocapilla","species","Ovenbird",44,"singing","No","Unknown",1,"WFREE"
"9cbe1c1e-e5d6-4fc4-9985-2536750f3f78","BART_082.birdGrid.brd","D01","BART","BART_082","distributed",9,"2019-06-22T10:19Z",1,"BRD.BART.2019.1",1,"Y","REVI","Vireo olivaceus","species","Red-eyed Vireo",51,"singing","No","Unknown",1,"WFREE"
"6e36eeed-80b9-4993-92b4-3086ae3ad49d","BART_082.birdGrid.brd","D01","BART","BART_082","distributed",9,"2019-06-22T10:19Z",1,"BRD.BART.2019.1",1,"Y","REVI","Vireo olivaceus","species","Red-eyed Vireo",46,"singing","No","Unknown",1,"WFREE"
"250a41c7-f056-4d88-a364-abd99c5c1123","BART_082.birdGrid.brd","D01","BART","BART_082","distributed",9,"2019-06-22T10:19Z",1,"BRD.BART.2019.1",3,"Y","BCCH","Poecile atricapillus","species","Black-capped Chickadee",24,"singing","No","Unknown",1,"WFREE"
"a9f5fca3-6829-4ebb-b302-fc819eef160e","BART_082.birdGrid.brd","D01","BART","BART_082","distributed",9,"2019-06-22T10:19Z",1,"BRD.BART.2019.1",2,"Y","SCTA","Piranga olivacea","species","Scarlet Tanager",28,"calling and singing","No","Unknown",1,"WFREE"
"d85a2696-eae0-45e3-a426-121908896c79","BART_082.birdGrid.brd","D01","BART","BART_082","distributed",2,"2019-06-22T10:41Z",1,"BRD.BART.2019.1",2,"Y","HAWO","Picoides villosus","species","Hairy Woodpecker",49,"calling","No","Unknown",1,"WFREE"
"2d183541-9860-4378-9dee-146d3c889309","BART_082.birdGrid.brd","D01","BART","BART_082","distributed",2,"2019-06-22T10:41Z",1,"BRD.BART.2019.1",1,"Y","BTNW","Setophaga virens","species","Black-throated Green Warbler",43,"singing","No","Unknown",1,"WFREE"
"7d5c25f2-b021-46aa-a15c-c6afbf12e974","BART_082.birdGrid.brd","D01","BART","BART_082","distributed",2,"2019-06-22T10:41Z",1,"BRD.BART.2019.1",1,"Y","BLBW","Setophaga fusca","species","Blackburnian Warbler",42,"singing","No","Unknown",1,"WFREE"
"6ed7315a-227c-4d2a-8a1f-524f0bda5bb5","BART_082.birdGrid.brd","D01","BART","BART_082","distributed",2,"2019-06-22T10:41Z",1,"BRD.BART.2019.1",2,"Y","SCTA","Piranga olivacea","species","Scarlet Tanager",57,"singing","No","Unknown",1,"WFREE"
"3bc584ac-3ecc-449b-a060-11ed95b5cd6e","BART_082.birdGrid.brd","D01","BART","BART_082","distributed",2,"2019-06-22T10:41Z",1,"BRD.BART.2019.1",2,"Y","OVEN","Seiurus aurocapilla","species","Ovenbird",52,"singing","No","Unknown",1,"WFREE"
"15196626-1c9b-4c8c-b17a-d00931dd9183","BART_082.birdGrid.brd","D01","BART","BART_082","distributed",2,"2019-06-22T10:41Z",1,"BRD.BART.2019.1",1,"Y","REVI","Vireo olivaceus","species","Red-eyed Vireo",35,"singing","No","Unknown",1,"WFREE"
"700ab716-8d56-4bef-94d0-dd4024e9cd72","BART_082.birdGrid.brd","D01","BART","BART_082","distributed",2,"2019-06-22T10:41Z",1,"BRD.BART.2019.1",1,"Y","BTNW","Setophaga virens","species","Black-throated Green Warbler",47,"singing","No","Unknown",1,"WFREE"
"6b0e8ee6-f5e1-4821-84f7-a335d4b627ec","BART_082.birdGrid.brd","D01","BART","BART_082","distributed",2,"2019-06-22T10:41Z",1,"BRD.BART.2019.1",2,"Y","HETH","Catharus guttatus","species","Hermit Thrush",53,"singing","No","Unknown",1,"WFREE"
"b63c7ad5-3b45-4655-8f51-de1a931895a5","BART_082.birdGrid.brd","D01","BART","BART_082","distributed",3,"2019-06-22T11:03Z",1,"BRD.BART.2019.1",2,"Y","BTNW","Setophaga virens","species","Black-throated Green Warbler",46,"singing","No","Unknown",1,"WFREE"
"769ee5e0-4240-4669-9454-db2b3f7e02b6","BART_082.birdGrid.brd","D01","BART","BART_082","distributed",3,"2019-06-22T11:03Z",1,"BRD.BART.2019.1",1,"Y","BTBW","Setophaga caerulescens","species","Black-throated Blue Warbler",37,"singing","No","Unknown",1,"WFREE"
"694fd57a-1dc1-4b2c-8ef3-02026ddf09c1","BART_082.birdGrid.brd","D01","BART","BART_082","distributed",3,"2019-06-22T11:03Z",1,"BRD.BART.2019.1",1,"Y","OVEN","Seiurus aurocapilla","species","Ovenbird",57,"singing","No","Unknown",1,"WFREE"
"cb1061e9-6fac-49dc-ad49-3b1ee8b71162","BART_082.birdGrid.brd","D01","BART","BART_082","distributed",3,"2019-06-22T11:03Z",1,"BRD.BART.2019.1",1,"Y","UNBI","Aves sp.","class","",29,"calling","No","Unknown",1,"WFREE"
"e2624433-69c4-41ba-afc4-75ab12f14848","BART_082.birdGrid.brd","D01","BART","BART_082","distributed",3,"2019-06-22T11:03Z",1,"BRD.BART.2019.1",3,"Y","CSWA","Setophaga pensylvanica","species","Chestnut-sided Warbler",49,"singing","No","Unknown",1,"WFREE"
"fee6db08-9238-4263-a3a0-6eb0a7ec4a7e","BART_082.birdGrid.brd","D01","BART","BART_082","distributed",3,"2019-06-22T11:03Z",1,"BRD.BART.2019.1",4,"Y","BLJA","Cyanocitta cristata","species","Blue Jay",66,"calling","No","Unknown",1,"WFREE"
"823e8063-3956-421d-af5d-dd60d6fc6f0b","BART_082.birdGrid.brd","D01","BART","BART_082","distributed",3,"2019-06-22T11:03Z",1,"BRD.BART.2019.1",3,"Y","AMRO","Turdus migratorius","species","American Robin",51,"singing","No","Unknown",1,"WFREE"
"823a2a58-a372-4d59-beab-50dadfd08a5f","BART_082.birdGrid.brd","D01","BART","BART_082","distributed",3,"2019-06-22T11:03Z",1,"BRD.BART.2019.1",2,"Y","WIWR","Troglodytes hiemalis","species","Winter Wren",63,"singing","No","Unknown",1,"WFREE"
"bd39da67-135e-4694-b330-514f9c4f8952","BART_082.birdGrid.brd","D01","BART","BART_082","distributed",3,"2019-06-22T11:03Z",1,"BRD.BART.2019.1",1,"Y","YBSA","Sphyrapicus varius","species","Yellow-bellied Sapsucker",63,"drumming","No","Unknown",1,"WFREE"
"834135cb-8821-4129-a293-264150d2198c","BART_082.birdGrid.brd","D01","BART","BART_082","distributed",3,"2019-06-22T11:03Z",1,"BRD.BART.2019.1",2,"Y","SWTH","Catharus ustulatus","species","Swainson's Thrush",34,"calling","No","Unknown",1,"WFREE"
"1c93bbd9-717a-4999-b72f-27f12217bf89","BART_082.birdGrid.brd","D01","BART","BART_082","distributed",6,"2019-06-22T11:23Z",1,"BRD.BART.2019.1",6,"Y","HAWO","Picoides villosus","species","Hairy Woodpecker",60,"calling","No","Unknown",1,"WFREE"
"12786414-2405-433b-aace-d47905f6cfa0","BART_082.birdGrid.brd","D01","BART","BART_082","distributed",6,"2019-06-22T11:23Z",1,"BRD.BART.2019.1",1,"Y","BLBW","Setophaga fusca","species","Blackburnian Warbler",21,"singing","No","Unknown",1,"WFREE"
"47b98114-c561-4d5e-b0ee-160da9dd7315","BART_082.birdGrid.brd","D01","BART","BART_082","distributed",6,"2019-06-22T11:23Z",1,"BRD.BART.2019.1",2,"Y","WIWR","Troglodytes hiemalis","species","Winter Wren",50,"singing","No","Unknown",1,"WFREE"
"9cc3f16c-6ee9-49d0-a4a6-c695f54085c4","BART_082.birdGrid.brd","D01","BART","BART_082","distributed",8,"2019-06-22T11:54Z",1,"BRD.BART.2019.1",4,"Y","WIWR","Troglodytes hiemalis","species","Winter Wren",82,"singing","No","Unknown",1,"WFREE"
"941434fb-a8df-4449-833f-271b211f3d03","BART_082.birdGrid.brd","D01","BART","BART_082","distributed",8,"2019-06-22T11:54Z",1,"BRD.BART.2019.1",6,"Y","BRCR","Certhia americana","species","Brown Creeper",33,"singing","No","Unknown",1,"WFREE"
"195d7704-95e8-4231-8bfb-5d71ebe1d668","BART_082.birdGrid.brd","D01","BART","BART_082","distributed",8,"2019-06-22T11:54Z",1,"BRD.BART.2019.1",2,"Y","REVI","Vireo olivaceus","species","Red-eyed Vireo",52,"singing","No","Unknown",1,"WFREE"
"80f25fca-21fe-4233-a824-6c5ecdb51304","BART_082.birdGrid.brd","D01","BART","BART_082","distributed",8,"2019-06-22T11:54Z",1,"BRD.BART.2019.1",3,"Y","BHVI","Vireo solitarius","species","Blue-headed Vireo",58,"singing","No","Unknown",1,"WFREE"
"5f0c8ab3-b11b-494a-9e5d-e9a0cd442b4b","BART_082.birdGrid.brd","D01","BART","BART_082","distributed",8,"2019-06-22T11:54Z",1,"BRD.BART.2019.1",1,"Y","BLBW","Setophaga fusca","species","Blackburnian Warbler",25,"singing","No","Unknown",1,"WFREE"
"e7e86144-a7d5-4186-98fc-3830e6975f39","BART_082.birdGrid.brd","D01","BART","BART_082","distributed",7,"2019-06-22T12:16Z",1,"BRD.BART.2019.1",6,"Y","SWTH","Catharus ustulatus","species","Swainson's Thrush",57,"singing","No","Unknown",1,"WFREE"
"5b7ad977-3315-4f5e-ab47-f1de71351848","BART_082.birdGrid.brd","D01","BART","BART_082","distributed",7,"2019-06-22T12:16Z",1,"BRD.BART.2019.1",2,"Y","WIWR","Troglodytes hiemalis","species","Winter Wren",11,"visual","Yes","Unknown",1,"WFREE"
"8df39724-4ab8-4804-a50d-7d4a8fbd481d","BART_082.birdGrid.brd","D01","BART","BART_082","distributed",7,"2019-06-22T12:16Z",1,"BRD.BART.2019.1",1,"Y","BLBW","Setophaga fusca","species","Blackburnian Warbler",30,"singing","No","Unknown",1,"WFREE"
"933e0f5f-3caa-4b03-bc84-0475ae48e92d","BART_082.birdGrid.brd","D01","BART","BART_082","distributed",7,"2019-06-22T12:16Z",1,"BRD.BART.2019.1",1,"Y","BTNW","Setophaga virens","species","Black-throated Green Warbler",42,"singing","No","Unknown",1,"WFREE"
"06827875-e0f8-4170-af34-bbae1b33eb98","BART_082.birdGrid.brd","D01","BART","BART_082","distributed",7,"2019-06-22T12:16Z",1,"BRD.BART.2019.1",3,"Y","REVI","Vireo olivaceus","species","Red-eyed Vireo",48,"singing","No","Unknown",1,"WFREE"
"61ea3ac6-6ce8-4502-9836-eda2e4bb2883","BART_082.birdGrid.brd","D01","BART","BART_082","distributed",7,"2019-06-22T12:16Z",1,"BRD.BART.2019.1",4,"Y","SWTH","Catharus ustulatus","species","Swainson's Thrush",64,"singing","No","Unknown",1,"WFREE"
"cf9857db-9114-4ffa-8788-3f4548f8c853","BART_082.birdGrid.brd","D01","BART","BART_082","distributed",7,"2019-06-22T12:16Z",1,"BRD.BART.2019.1",1,"Y","BLBW","Setophaga fusca","species","Blackburnian Warbler",19,"singing","Yes","Unknown",1,"WFREE"
"b64c2c89-fa40-407e-80f0-54463fff19d2","BART_082.birdGrid.brd","D01","BART","BART_082","distributed",4,"2019-06-22T12:37Z",1,"BRD.BART.2019.1",2,"Y","YRWA","Setophaga coronata","species","Yellow-rumped Warbler",51,"singing","No","Unknown",1,"WFREE"
"b5153fee-a0f2-46dc-9cac-236d2d836035","BART_082.birdGrid.brd","D01","BART","BART_082","distributed",4,"2019-06-22T12:37Z",1,"BRD.BART.2019.1",1,"Y","BTNW","Setophaga virens","species","Black-throated Green Warbler",32,"singing","No","Unknown",1,"WFREE"
"cf5747ea-5b06-4217-825d-a093bd411632","BART_082.birdGrid.brd","D01","BART","BART_082","distributed",4,"2019-06-22T12:37Z",1,"BRD.BART.2019.1",3,"Y","BTNW","Setophaga virens","species","Black-throated Green Warbler",56,"singing","No","Unknown",1,"WFREE"
"a1720895-e31a-4a60-b36b-61ba52e9ff47","BART_082.birdGrid.brd","D01","BART","BART_082","distributed",4,"2019-06-22T12:37Z",1,"BRD.BART.2019.1",1,"Y","REVI","Vireo olivaceus","species","Red-eyed Vireo",42,"singing","No","Unknown",1,"WFREE"
"6ce9cdc0-ef7f-4210-ab80-c07f9804d8ad","BART_082.birdGrid.brd","D01","BART","BART_082","distributed",4,"2019-06-22T12:37Z",1,"BRD.BART.2019.1",6,"Y","BLBW","Setophaga fusca","species","Blackburnian Warbler",55,"singing","No","Unknown",1,"WFREE"
"12163124-71ad-484c-904e-319275d1f454","BART_082.birdGrid.brd","D01","BART","BART_082","distributed",4,"2019-06-22T12:37Z",1,"BRD.BART.2019.1",1,"Y","UNBI","Aves sp.","class","",34,"calling","No","Juvenile",1,"WFREE"
"947b4b20-a5f1-4a6a-b865-6181a623fd3a","BART_082.birdGrid.brd","D01","BART","BART_082","distributed",1,"2019-06-22T12:52Z",1,"BRD.BART.2019.1",1,"Y","UNBI","Aves sp.","class","",37,"singing","No","Unknown",1,"WFREE"
"842dfb0e-06fb-4c5f-b7f4-7683a7c0636a","BART_082.birdGrid.brd","D01","BART","BART_082","distributed",1,"2019-06-22T12:52Z",1,"BRD.BART.2019.1",1,"Y","UNWA","Parulidae sp.","family","",52,"singing","No","Unknown",1,"WFREE"
"2cc4190e-72bc-476a-959a-f065c7b8e443","BART_082.birdGrid.brd","D01","BART","BART_082","distributed",5,"2019-06-22T13:24Z",1,"BRD.BART.2019.1",1,"Y","BTNW","Setophaga virens","species","Black-throated Green Warbler",29,"visual","Yes","Male",1,"WFREE"
"70cf51a3-e39c-4413-bef5-eef2544120ef","BART_009.birdGrid.brd","D01","BART","BART_009","distributed",3,"2019-06-23T10:33Z",1,"BRD.BART.2019.1",1,"Y","YBSA","Sphyrapicus varius","species","Yellow-bellied Sapsucker",30,"calling","No","Unknown",1,"WFREE"
"30b6c70a-3f75-40d7-93fa-f26294007ca2","BART_009.birdGrid.brd","D01","BART","BART_009","distributed",3,"2019-06-23T10:33Z",1,"BRD.BART.2019.1",3,"Y","YBSA","Sphyrapicus varius","species","Yellow-bellied Sapsucker",54,"drumming","No","Unknown",1,"WFREE"
"dfb01ac3-2a0e-47bb-b5bd-26029c95d2ab","BART_009.birdGrid.brd","D01","BART","BART_009","distributed",3,"2019-06-23T10:33Z",1,"BRD.BART.2019.1",1,"Y","REVI","Vireo olivaceus","species","Red-eyed Vireo",47,"singing","No","Unknown",1,"WFREE"
"ab020926-75d9-455d-b1f9-1012187e8595","BART_009.birdGrid.brd","D01","BART","BART_009","distributed",3,"2019-06-23T10:33Z",1,"BRD.BART.2019.1",1,"Y","OVEN","Seiurus aurocapilla","species","Ovenbird",35,"singing","No","Unknown",1,"WFREE"
"27469256-dc65-4385-adcb-62824dc7990a","BART_009.birdGrid.brd","D01","BART","BART_009","distributed",3,"2019-06-23T10:33Z",1,"BRD.BART.2019.1",5,"Y","WIWR","Troglodytes hiemalis","species","Winter Wren",150,"singing","No","Unknown",1,"WFREE"
"5aedf85f-4593-42fa-91dd-66c50d1c38f2","BART_009.birdGrid.brd","D01","BART","BART_009","distributed",3,"2019-06-23T10:33Z",1,"BRD.BART.2019.1",1,"Y","AMRE","Setophaga ruticilla","species","American Redstart",41,"singing","No","Unknown",1,"WFREE"
"e6f1a1d0-c075-4067-a338-1e42a8754ecf","BART_009.birdGrid.brd","D01","BART","BART_009","distributed",3,"2019-06-23T10:33Z",1,"BRD.BART.2019.1",1,"Y","BLJA","Cyanocitta cristata","species","Blue Jay",62,"singing","No","Unknown",1,"WFREE"
"6f0a0ec8-07b1-4f0f-ad3f-bd9fb0eea7dc","BART_009.birdGrid.brd","D01","BART","BART_009","distributed",6,"2019-06-23T10:53Z",1,"BRD.BART.2019.1",2,"Y","OVEN","Seiurus aurocapilla","species","Ovenbird",53,"singing","No","Unknown",1,"WFREE"
"6299a72c-36de-42f8-bb30-7307cb2989e5","BART_009.birdGrid.brd","D01","BART","BART_009","distributed",6,"2019-06-23T10:53Z",1,"BRD.BART.2019.1",2,"Y","OVEN","Seiurus aurocapilla","species","Ovenbird",71,"singing","No","Unknown",1,"WFREE"
"cf280e2b-c043-4814-968a-7fddbc40c1fd","BART_009.birdGrid.brd","D01","BART","BART_009","distributed",6,"2019-06-23T10:53Z",1,"BRD.BART.2019.1",1,"Y","REVI","Vireo olivaceus","species","Red-eyed Vireo",42,"singing","No","Unknown",1,"WFREE"
"da9b21bb-19b2-4363-9e89-393324e7a1fa","BART_009.birdGrid.brd","D01","BART","BART_009","distributed",6,"2019-06-23T10:53Z",1,"BRD.BART.2019.1",6,"Y","REVI","Vireo olivaceus","species","Red-eyed Vireo",59,"singing","No","Unknown",1,"WFREE"
"ea6c5d24-f860-4131-91ee-f58c575e5c83","BART_009.birdGrid.brd","D01","BART","BART_009","distributed",6,"2019-06-23T10:53Z",1,"BRD.BART.2019.1",1,"Y","YBSA","Sphyrapicus varius","species","Yellow-bellied Sapsucker",28,"singing","No","Unknown",1,"WFREE"
"551f322b-e0f5-4a42-9ea8-8ddef44047aa","BART_009.birdGrid.brd","D01","BART","BART_009","distributed",2,"2019-06-23T11:21Z",1,"BRD.BART.2019.1",4,"Y","RSHA","Buteo lineatus","species","Red-shouldered Hawk",124,"calling","No","Unknown",1,"WFREE"
"dcd1c676-c26a-4099-89ae-175097bae126","BART_009.birdGrid.brd","D01","BART","BART_009","distributed",2,"2019-06-23T11:21Z",1,"BRD.BART.2019.1",1,"Y","OVEN","Seiurus aurocapilla","species","Ovenbird",29,"calling","Yes","Unknown",1,"WFREE"
"c22c9c09-f801-4dd6-8999-2d24ddc196f3","BART_009.birdGrid.brd","D01","BART","BART_009","distributed",2,"2019-06-23T11:21Z",1,"BRD.BART.2019.1",2,"Y","REVI","Vireo olivaceus","species","Red-eyed Vireo",67,"singing","No","Unknown",1,"WFREE"
"7dba5a2f-7eb6-44e9-ab10-b2e45319a477","BART_009.birdGrid.brd","D01","BART","BART_009","distributed",4,"2019-06-23T11:52Z",1,"BRD.BART.2019.1",2,"Y","OVEN","Seiurus aurocapilla","species","Ovenbird",46,"singing","No","Unknown",1,"WFREE"
"a9b0e694-6ff8-4858-8093-c312a06f2b88","BART_009.birdGrid.brd","D01","BART","BART_009","distributed",4,"2019-06-23T11:52Z",1,"BRD.BART.2019.1",1,"Y","EAWP","Contopus virens","species","Eastern Wood-Pewee",63,"singing","No","Unknown",1,"WFREE"
"e7c5f04e-8e46-40ce-8d07-427ef1514fb9","BART_009.birdGrid.brd","D01","BART","BART_009","distributed",4,"2019-06-23T11:52Z",1,"BRD.BART.2019.1",1,"Y","REVI","Vireo olivaceus","species","Red-eyed Vireo",77,"singing","No","Unknown",1,"WFREE"
"ca6378b1-b69a-40f7-850f-fe5912aaa713","BART_009.birdGrid.brd","D01","BART","BART_009","distributed",4,"2019-06-23T11:52Z",1,"BRD.BART.2019.1",5,"Y","AMRE","Setophaga ruticilla","species","American Redstart",66,"singing","No","Unknown",1,"WFREE"
"c9e406dc-c5f7-4f23-81d9-d2b974a24dd3","BART_009.birdGrid.brd","D01","BART","BART_009","distributed",4,"2019-06-23T11:52Z",1,"BRD.BART.2019.1",3,"Y","REVI","Vireo olivaceus","species","Red-eyed Vireo",63,"singing","No","Unknown",1,"WFREE"
"22a5a211-4304-497d-91f2-78dcd8e48e31","BART_009.birdGrid.brd","D01","BART","BART_009","distributed",4,"2019-06-23T11:52Z",1,"BRD.BART.2019.1",1,"Y","OVEN","Seiurus aurocapilla","species","Ovenbird",72,"singing","No","Unknown",1,"WFREE"
"fe8c3b90-690a-43a0-8d5c-e4212f67e6c5","BART_009.birdGrid.brd","D01","BART","BART_009","distributed",5,"2019-06-23T12:11Z",1,"BRD.BART.2019.1",1,"Y","BAWW","Mniotilta varia","species","Black-and-white Warbler",23,"singing","Yes","Male",1,"WFREE"
"17b06ee3-d6a0-442b-b1a9-9bbafd690765","BART_009.birdGrid.brd","D01","BART","BART_009","distributed",5,"2019-06-23T12:11Z",1,"BRD.BART.2019.1",1,"Y","REVI","Vireo olivaceus","species","Red-eyed Vireo",42,"singing","No","Unknown",1,"WFREE"
"595deb95-2dc5-41e5-ad03-406a4aa65dc0","BART_009.birdGrid.brd","D01","BART","BART_009","distributed",5,"2019-06-23T12:11Z",1,"BRD.BART.2019.1",4,"Y","REVI","Vireo olivaceus","species","Red-eyed Vireo",59,"singing","No","Unknown",1,"WFREE"
"9377708f-4f2a-431c-a9b1-d009e82e301f","BART_009.birdGrid.brd","D01","BART","BART_009","distributed",5,"2019-06-23T12:11Z",1,"BRD.BART.2019.1",4,"Y","OVEN","Seiurus aurocapilla","species","Ovenbird",79,"singing","No","Unknown",1,"WFREE"
"72e6ec23-36b8-4ed2-9330-4b27409dc556","BART_009.birdGrid.brd","D01","BART","BART_009","distributed",5,"2019-06-23T12:11Z",1,"BRD.BART.2019.1",2,"Y","BTNW","Setophaga virens","species","Black-throated Green Warbler",68,"singing","No","Unknown",1,"WFREE"
"baa0f966-598f-4606-b8b4-77932eddff02","BART_009.birdGrid.brd","D01","BART","BART_009","distributed",5,"2019-06-23T12:11Z",1,"BRD.BART.2019.1",1,"Y","EAWP","Contopus virens","species","Eastern Wood-Pewee",56,"singing","No","Unknown",1,"WFREE"
"09d424c7-9866-45dd-84e3-8e3533b3af44","BART_009.birdGrid.brd","D01","BART","BART_009","distributed",1,"2019-06-23T12:49Z",1,"BRD.BART.2019.1",2,"Y","GCKI","Regulus satrapa","species","Golden-crowned Kinglet",31,"singing","No","Unknown",1,"WFREE"
"ac748c13-4b63-4d39-8d7f-72a5447275b1","BART_009.birdGrid.brd","D01","BART","BART_009","distributed",1,"2019-06-23T12:49Z",1,"BRD.BART.2019.1",1,"Y","GCKI","Regulus satrapa","species","Golden-crowned Kinglet",19,"singing","Yes","Unknown",2,"WFREE"
"e051b065-1402-49a9-8e37-4ad3d8eb92d4","BART_009.birdGrid.brd","D01","BART","BART_009","distributed",1,"2019-06-23T12:49Z",1,"BRD.BART.2019.1",1,"Y","GCKI","Regulus satrapa","species","Golden-crowned Kinglet",15,"singing","Yes","Unknown",1,"WFREE"
"3c46ec5e-b20c-4548-ae56-41ad85c305a1","BART_009.birdGrid.brd","D01","BART","BART_009","distributed",1,"2019-06-23T12:49Z",1,"BRD.BART.2019.1",1,"Y","BLBW","Setophaga fusca","species","Blackburnian Warbler",20,"singing","No","Unknown",1,"WFREE"
"033b77bc-2b88-472f-8f20-3ea537136b02","BART_009.birdGrid.brd","D01","BART","BART_009","distributed",7,"2019-06-23T13:17Z",1,"BRD.BART.2019.1",1,"Y","OVEN","Seiurus aurocapilla","species","Ovenbird",52,"singing","No","Unknown",1,"WFREE"
"0c42c175-94c0-4a8d-b18f-017f263bc725","BART_009.birdGrid.brd","D01","BART","BART_009","distributed",8,"2019-06-23T13:41Z",1,"BRD.BART.2019.1",1,"Y","EAWP","Contopus virens","species","Eastern Wood-Pewee",61,"calling","No","Unknown",1,"WFREE"
"047a5d7b-61a6-4afe-b292-e426dc6ce41d","BART_009.birdGrid.brd","D01","BART","BART_009","distributed",8,"2019-06-23T13:41Z",1,"BRD.BART.2019.1",2,"Y","BTBW","Setophaga caerulescens","species","Black-throated Blue Warbler",44,"singing","No","Unknown",1,"WFREE"
"5cc7bbfe-1749-4912-bc3a-e1df8d399aa9","BART_012.birdGrid.brd","D01","BART","BART_012","distributed",8,"2019-06-24T10:43Z",1,"BRD.BART.2019.1",6,"Y","UNBI","Aves sp.","class","",34,"calling","No","Unknown",1,"WFREE"
"fb8daa17-b4d7-4593-a657-b604d37bdc6f","BART_012.birdGrid.brd","D01","BART","BART_012","distributed",8,"2019-06-24T10:43Z",1,"BRD.BART.2019.1",2,"Y","YBSA","Sphyrapicus varius","species","Yellow-bellied Sapsucker",61,"singing","No","Unknown",1,"WFREE"
"e892a227-81d1-4b45-a1bc-57eb0cd23b1d","BART_012.birdGrid.brd","D01","BART","BART_012","distributed",8,"2019-06-24T10:43Z",1,"BRD.BART.2019.1",1,"Y","OVEN","Seiurus aurocapilla","species","Ovenbird",58,"singing","No","Unknown",1,"WFREE"
"b336a7c4-2aed-4a7e-bc47-ca8320195d25","BART_012.birdGrid.brd","D01","BART","BART_012","distributed",8,"2019-06-24T10:43Z",1,"BRD.BART.2019.1",1,"Y","OVEN","Seiurus aurocapilla","species","Ovenbird",46,"singing","No","Unknown",1,"WFREE"
"69043a25-fa81-4cd4-b6bc-e87e7a23ec27","BART_012.birdGrid.brd","D01","BART","BART_012","distributed",8,"2019-06-24T10:43Z",1,"BRD.BART.2019.1",1,"Y","BTNW","Setophaga virens","species","Black-throated Green Warbler",52,"singing","No","Unknown",1,"WFREE"
"40808fe4-7302-4eea-b419-57b185e8f6e8","BART_012.birdGrid.brd","D01","BART","BART_012","distributed",8,"2019-06-24T10:43Z",1,"BRD.BART.2019.1",4,"Y","REVI","Vireo olivaceus","species","Red-eyed Vireo",85,"singing","No","Unknown",1,"WFREE"
"66a2c070-b50e-403d-bc6b-209ee1175716","BART_012.birdGrid.brd","D01","BART","BART_012","distributed",8,"2019-06-24T10:43Z",1,"BRD.BART.2019.1",3,"Y","BTNW","Setophaga virens","species","Black-throated Green Warbler",47,"singing","No","Unknown",1,"WFREE"
"24042e7c-2b24-4fdb-9c82-b48dc20d4932","BART_012.birdGrid.brd","D01","BART","BART_012","distributed",7,"2019-06-24T11:05Z",1,"BRD.BART.2019.1",1,"Y","UNBI","Aves sp.","class","",39,"singing","No","Unknown",1,"WFREE"
"d4a2928d-7f55-4b0d-b89d-257b8689ee4e","BART_012.birdGrid.brd","D01","BART","BART_012","distributed",7,"2019-06-24T11:05Z",1,"BRD.BART.2019.1",2,"Y","REVI","Vireo olivaceus","species","Red-eyed Vireo",63,"singing","No","Unknown",1,"WFREE"
"ed231a6a-3d17-46a6-9bad-ce96bdc7cd14","BART_012.birdGrid.brd","D01","BART","BART_012","distributed",7,"2019-06-24T11:05Z",1,"BRD.BART.2019.1",6,"Y","OVEN","Seiurus aurocapilla","species","Ovenbird",64,"singing","No","Unknown",1,"WFREE"
"ec81f4ac-a5b3-47ca-bc25-ec707debb132","BART_012.birdGrid.brd","D01","BART","BART_012","distributed",7,"2019-06-24T11:05Z",1,"BRD.BART.2019.1",2,"Y","REVI","Vireo olivaceus","species","Red-eyed Vireo",5,"visual","Yes","Female",1,"WFREE"
"07167eac-4bc8-40eb-9b80-2bc582fe8ad7","BART_012.birdGrid.brd","D01","BART","BART_012","distributed",7,"2019-06-24T11:05Z",1,"BRD.BART.2019.1",1,"Y","REVI","Vireo olivaceus","species","Red-eyed Vireo",5,"singing","Yes","Male",1,"WFREE"
"70e59df6-43d9-495b-8996-61695eff6f6f","BART_012.birdGrid.brd","D01","BART","BART_012","distributed",4,"2019-06-24T11:33Z",1,"BRD.BART.2019.1",2,"Y","BAWW","Mniotilta varia","species","Black-and-white Warbler",52,"singing","No","Unknown",1,"WFREE"
"5a05dba8-4dd3-4486-bcb4-d47f4f347d0d","BART_012.birdGrid.brd","D01","BART","BART_012","distributed",4,"2019-06-24T11:33Z",1,"BRD.BART.2019.1",2,"Y","UNWO","Picidae sp.","family","",55,"drumming","No","Unknown",1,"WFREE"
"cfa66290-3973-4772-a9fa-e06d6f11af92","BART_012.birdGrid.brd","D01","BART","BART_012","distributed",4,"2019-06-24T11:33Z",1,"BRD.BART.2019.1",3,"Y","REVI","Vireo olivaceus","species","Red-eyed Vireo",50,"singing","No","Unknown",1,"WFREE"
"22e39344-fa70-4ac1-900e-02052a79635e","BART_012.birdGrid.brd","D01","BART","BART_012","distributed",4,"2019-06-24T11:33Z",1,"BRD.BART.2019.1",1,"Y","HETH","Catharus guttatus","species","Hermit Thrush",46,"singing","No","Unknown",1,"WFREE"
"3462e96b-fb87-4d80-b656-62d152495cfa","BART_012.birdGrid.brd","D01","BART","BART_012","distributed",4,"2019-06-24T11:33Z",1,"BRD.BART.2019.1",5,"Y","OVEN","Seiurus aurocapilla","species","Ovenbird",44,"singing","No","Unknown",1,"WFREE"
"9523b30b-e15d-458a-adf5-ac11b1d9faff","BART_012.birdGrid.brd","D01","BART","BART_012","distributed",4,"2019-06-24T11:33Z",1,"BRD.BART.2019.1",1,"Y","BTNW","Setophaga virens","species","Black-throated Green Warbler",40,"singing","No","Unknown",1,"WFREE"
"3959219e-c903-48db-8610-724fb209ce5c","BART_012.birdGrid.brd","D01","BART","BART_012","distributed",1,"2019-06-24T12:10Z",1,"BRD.BART.2019.1",3,"Y","YRWA","Setophaga coronata","species","Yellow-rumped Warbler",31,"singing","No","Unknown",1,"WFREE"
"1c123a1f-dad1-4e78-92d8-e2e6757959bf","BART_012.birdGrid.brd","D01","BART","BART_012","distributed",1,"2019-06-24T12:10Z",1,"BRD.BART.2019.1",5,"Y","UNBI","Aves sp.","class","",39,"calling","No","Unknown",1,"WFREE"
"4ab3206d-5001-4733-890c-bda5f036650a","BART_012.birdGrid.brd","D01","BART","BART_012","distributed",1,"2019-06-24T12:10Z",1,"BRD.BART.2019.1",1,"Y","GCKI","Regulus satrapa","species","Golden-crowned Kinglet",23,"singing","No","Unknown",1,"WFREE"
"131588ea-bb8d-4c29-b0b0-4651bc4b646d","BART_012.birdGrid.brd","D01","BART","BART_012","distributed",2,"2019-06-24T12:44Z",1,"BRD.BART.2019.1",1,"Y","REVI","Vireo olivaceus","species","Red-eyed Vireo",20,"singing","No","Unknown",1,"WFREE"
"05c85225-5b6d-4959-93dd-c3c6b1c5806c","BART_012.birdGrid.brd","D01","BART","BART_012","distributed",2,"2019-06-24T12:44Z",1,"BRD.BART.2019.1",1,"Y","BAWW","Mniotilta varia","species","Black-and-white Warbler",25,"singing","No","Unknown",1,"WFREE"
"9ab473d4-8969-455c-8d67-a5a142619afd","BART_012.birdGrid.brd","D01","BART","BART_012","distributed",2,"2019-06-24T12:44Z",1,"BRD.BART.2019.1",3,"Y","OVEN","Seiurus aurocapilla","species","Ovenbird",38,"singing","No","Unknown",1,"WFREE"
"0f39f90f-0a57-4389-a500-6eb9cac4369c","BART_012.birdGrid.brd","D01","BART","BART_012","distributed",3,"2019-06-24T13:15Z",1,"BRD.BART.2019.1",2,"Y","OVEN","Seiurus aurocapilla","species","Ovenbird",42,"singing","No","Unknown",1,"WFREE"
"8f22e0d5-9e42-4185-bf21-fdaf2c3f5f14","BART_012.birdGrid.brd","D01","BART","BART_012","distributed",3,"2019-06-24T13:15Z",1,"BRD.BART.2019.1",4,"Y","REVI","Vireo olivaceus","species","Red-eyed Vireo",39,"singing","No","Unknown",1,"WFREE"
"5e5bde6c-1d6c-44a9-9b63-6f3976d69e8c","BART_012.birdGrid.brd","D01","BART","BART_012","distributed",3,"2019-06-24T13:15Z",1,"BRD.BART.2019.1",3,"Y","BAWW","Mniotilta varia","species","Black-and-white Warbler",34,"singing","Yes","Male",1,"WFREE"
"19c40295-bfea-48f2-ba89-0409e013e3c9","BART_012.birdGrid.brd","D01","BART","BART_012","distributed",9,"2019-06-25T10:54Z",1,"BRD.BART.2019.1",5,"Y","BTBW","Setophaga caerulescens","species","Black-throated Blue Warbler",52,"singing","No","Unknown",1,"WFREE"
"1bd553e3-95f3-4d0b-8c4e-97c8cb4f9741","BART_012.birdGrid.brd","D01","BART","BART_012","distributed",9,"2019-06-25T10:54Z",1,"BRD.BART.2019.1",2,"Y","GCKI","Regulus satrapa","species","Golden-crowned Kinglet",29,"calling","No","Unknown",1,"WFREE"
"d1b151e8-6292-490d-8717-e0182ce78071","BART_012.birdGrid.brd","D01","BART","BART_012","distributed",9,"2019-06-25T10:54Z",1,"BRD.BART.2019.1",6,"Y","BTNW","Setophaga virens","species","Black-throated Green Warbler",58,"singing","No","Unknown",1,"WFREE"
"7d73f0fa-f6f9-44b6-8fa8-1b3b3427e28e","BART_012.birdGrid.brd","D01","BART","BART_012","distributed",5,"2019-06-25T11:17Z",1,"BRD.BART.2019.1",2,"Y","REVI","Vireo olivaceus","species","Red-eyed Vireo",64,"singing","No","Unknown",1,"WFREE"
"521d5786-cf0b-497d-95d3-a41bbbdf65c5","BART_012.birdGrid.brd","D01","BART","BART_012","distributed",5,"2019-06-25T11:17Z",1,"BRD.BART.2019.1",4,"Y","UNBL","Icteridae sp.","family","",48,"calling","No","Unknown",1,"WFREE"
"b0ab62eb-0a1f-428c-84fa-e4f308bccdc2","BART_012.birdGrid.brd","D01","BART","BART_012","distributed",5,"2019-06-25T11:17Z",1,"BRD.BART.2019.1",1,"Y","REVI","Vireo olivaceus","species","Red-eyed Vireo",55,"singing","No","Unknown",1,"WFREE"
"4cf9f5c2-c411-437d-bc3b-405be7186006","BART_012.birdGrid.brd","D01","BART","BART_012","distributed",5,"2019-06-25T11:17Z",1,"BRD.BART.2019.1",1,"Y","BTWR","Pheugopedius atrogularis","species","Black-throated Wren",54,"singing","No","Unknown",1,"WFREE"
"26396530-e38c-4806-8e7d-f1c1596b7560","BART_012.birdGrid.brd","D01","BART","BART_012","distributed",5,"2019-06-25T11:17Z",1,"BRD.BART.2019.1",1,"Y","REVI","Vireo olivaceus","species","Red-eyed Vireo",38,"singing","No","Unknown",1,"WFREE"
"6018e5d2-af38-4e66-a4a4-91b522630e95","BART_012.birdGrid.brd","D01","BART","BART_012","distributed",5,"2019-06-25T11:17Z",1,"BRD.BART.2019.1",1,"Y","OVEN","Seiurus aurocapilla","species","Ovenbird",45,"singing","No","Unknown",1,"WFREE"
"4c807395-f0aa-4090-a464-b9a5c2dca542","BART_012.birdGrid.brd","D01","BART","BART_012","distributed",6,"2019-06-25T12:05Z",1,"BRD.BART.2019.1",2,"Y","REVI","Vireo olivaceus","species","Red-eyed Vireo",60,"singing","No","Unknown",1,"WFREE"
"41773ed3-a6c4-4f7c-9c1b-c61d925bfc7b","BART_012.birdGrid.brd","D01","BART","BART_012","distributed",6,"2019-06-25T12:05Z",1,"BRD.BART.2019.1",1,"Y","BAWW","Mniotilta varia","species","Black-and-white Warbler",24,"singing","Yes","Male",1,"WFREE"
"02d4116e-8022-419d-8219-d1208268f77a","BART_012.birdGrid.brd","D01","BART","BART_012","distributed",6,"2019-06-25T12:05Z",1,"BRD.BART.2019.1",1,"Y","REVI","Vireo olivaceus","species","Red-eyed Vireo",27,"singing","No","Unknown",1,"WFREE"
"1ccd88e4-2531-4dd1-a903-a844dadd24d5","BART_003.birdGrid.brd","D01","BART","BART_003","distributed",1,"2019-06-26T11:32Z",1,"BRD.BART.2019.1",1,"Y","OVEN","Seiurus aurocapilla","species","Ovenbird",56,"singing","No","Unknown",1,"WFREE"
"60a981fb-ac1c-4a22-acc0-198e3500e619","BART_003.birdGrid.brd","D01","BART","BART_003","distributed",1,"2019-06-26T11:32Z",1,"BRD.BART.2019.1",1,"Y","BAWW","Mniotilta varia","species","Black-and-white Warbler",42,"singing","No","Unknown",1,"WFREE"
"004f9edc-0a06-4868-b2d8-783b8ba02bc9","BART_003.birdGrid.brd","D01","BART","BART_003","distributed",1,"2019-06-26T11:32Z",1,"BRD.BART.2019.1",1,"Y","REVI","Vireo olivaceus","species","Red-eyed Vireo",35,"singing","No","Unknown",1,"WFREE"
"2624e6fb-f9a9-4d08-afc9-110cdcbdb522","BART_003.birdGrid.brd","D01","BART","BART_003","distributed",2,"2019-06-26T12:01Z",1,"BRD.BART.2019.1",5,"Y","HAWO","Picoides villosus","species","Hairy Woodpecker",72,"unknown","No","Unknown",1,"WFREE"
"7126c453-b1de-4dc5-aa1f-f82a728aaf4c","BART_003.birdGrid.brd","D01","BART","BART_003","distributed",2,"2019-06-26T12:01Z",1,"BRD.BART.2019.1",3,"Y","UNBI","Aves sp.","class","",21,"calling","No","Unknown",1,"WFREE"
"8dd4e63f-75ea-49fd-acad-adac61d775e8","BART_003.birdGrid.brd","D01","BART","BART_003","distributed",2,"2019-06-26T12:01Z",1,"BRD.BART.2019.1",6,"Y","SOVI","Vireo sp.","genus","",75,"unknown","No","Unknown",1,"WFREE"
"39a3df71-fca3-4b5c-b31f-438010f7ad7b","BART_003.birdGrid.brd","D01","BART","BART_003","distributed",2,"2019-06-26T12:01Z",1,"BRD.BART.2019.1",1,"Y","EAWP","Contopus virens","species","Eastern Wood-Pewee",49,"calling","No","Unknown",1,"WFREE"
"f62a38d6-b8f3-4ae6-a7b4-dab5cfec16eb","BART_003.birdGrid.brd","D01","BART","BART_003","distributed",2,"2019-06-26T12:01Z",1,"BRD.BART.2019.1",1,"Y","REVI","Vireo olivaceus","species","Red-eyed Vireo",29,"singing","No","Unknown",1,"WFREE"
"264c2ec6-5703-441c-9cac-126389b140c1","BART_003.birdGrid.brd","D01","BART","BART_003","distributed",2,"2019-06-26T12:01Z",1,"BRD.BART.2019.1",3,"Y","OVEN","Seiurus aurocapilla","species","Ovenbird",70,"unknown","No","Unknown",1,"WFREE"
"55c94acb-3e22-4173-8493-8a7bb1226f7e","BART_003.birdGrid.brd","D01","BART","BART_003","distributed",3,"2019-06-26T12:30Z",1,"BRD.BART.2019.1",1,"Y","BTNW","Setophaga virens","species","Black-throated Green Warbler",24,"singing","No","Unknown",1,"WFREE"
"93b79710-8b5c-462d-9314-5b8655f9bff6","BART_003.birdGrid.brd","D01","BART","BART_003","distributed",3,"2019-06-26T12:30Z",1,"BRD.BART.2019.1",1,"Y","BTNW","Setophaga virens","species","Black-throated Green Warbler",47,"singing","No","Unknown",1,"WFREE"
"81f98912-b799-4846-a52d-bd67dfdccc8d","BART_003.birdGrid.brd","D01","BART","BART_003","distributed",3,"2019-06-26T12:30Z",1,"BRD.BART.2019.1",4,"Y","HAWO","Picoides villosus","species","Hairy Woodpecker",40,"singing","No","Unknown",1,"WFREE"
"4b859d8e-5b56-4ad2-87e0-2c135f669703","BART_003.birdGrid.brd","D01","BART","BART_003","distributed",3,"2019-06-26T12:30Z",1,"BRD.BART.2019.1",1,"Y","BHVI","Vireo solitarius","species","Blue-headed Vireo",51,"singing","No","Unknown",1,"WFREE"
"fd07310c-1d80-4c4b-9eee-cc908682da12","BART_003.birdGrid.brd","D01","BART","BART_003","distributed",3,"2019-06-26T12:30Z",1,"BRD.BART.2019.1",6,"Y","BAWW","Mniotilta varia","species","Black-and-white Warbler",42,"singing","No","Unknown",1,"WFREE"
"f6145838-75f4-414e-b77f-948d4feae3b9","BART_003.birdGrid.brd","D01","BART","BART_003","distributed",3,"2019-06-26T12:30Z",1,"BRD.BART.2019.1",3,"Y","BTBW","Setophaga caerulescens","species","Black-throated Blue Warbler",51,"singing","No","Unknown",1,"WFREE"
"089627c7-d04c-462a-9ffb-9fd91e9c1090","BART_003.birdGrid.brd","D01","BART","BART_003","distributed",6,"2019-06-26T12:53Z",1,"BRD.BART.2019.1",6,"Y","BCCH","Poecile atricapillus","species","Black-capped Chickadee",63,"calling","No","Unknown",1,"WFREE"
"d9c57b2c-798c-4f0c-a352-7da3bccf35ca","BART_003.birdGrid.brd","D01","BART","BART_003","distributed",6,"2019-06-26T12:53Z",1,"BRD.BART.2019.1",2,"Y","REVI","Vireo olivaceus","species","Red-eyed Vireo",96,"singing","No","Unknown",1,"WFREE"
"f2b17d95-55cf-4d6f-9aa7-d383f346d5b7","BART_003.birdGrid.brd","D01","BART","BART_003","distributed",6,"2019-06-26T12:53Z",1,"BRD.BART.2019.1",4,"Y","REVI","Vireo olivaceus","species","Red-eyed Vireo",103,"singing","No","Unknown",1,"WFREE"
"bca681ae-b783-40a9-a2a3-0db7dbd9aea4","BART_003.birdGrid.brd","D01","BART","BART_003","distributed",6,"2019-06-26T12:53Z",1,"BRD.BART.2019.1",1,"Y","REVI","Vireo olivaceus","species","Red-eyed Vireo",28,"singing","No","Unknown",1,"WFREE"
"6ebcbd03-d730-418a-9c48-4530d186e269","BART_003.birdGrid.brd","D01","BART","BART_003","distributed",9,"2019-06-26T13:24Z",1,"BRD.BART.2019.1",6,"Y","REVI","Vireo olivaceus","species","Red-eyed Vireo",9,"visual","Yes","Unknown",1,"WFREE"
"f295fe5f-b032-4681-987c-2a428643c33c","BART_003.birdGrid.brd","D01","BART","BART_003","distributed",9,"2019-06-26T13:24Z",1,"BRD.BART.2019.1",6,"Y","REVI","Vireo olivaceus","species","Red-eyed Vireo",9,"visual","Yes","Unknown",1,"WFREE"
"256e63fd-bb70-469e-8de9-e2ff5b6ae652","BART_003.birdGrid.brd","D01","BART","BART_003","distributed",9,"2019-06-26T13:24Z",1,"BRD.BART.2019.1",6,"Y","BLBW","Setophaga fusca","species","Blackburnian Warbler",41,"singing","No","Unknown",1,"WFREE"
"533a49d7-7423-47a3-8bf9-75d21a5df616","BART_003.birdGrid.brd","D01","BART","BART_003","distributed",9,"2019-06-26T13:24Z",1,"BRD.BART.2019.1",2,"Y","WIWR","Troglodytes hiemalis","species","Winter Wren",97,"singing","No","Unknown",1,"WFREE"
"3a1703c5-347c-4385-8f20-d52295622bba","BART_003.birdGrid.brd","D01","BART","BART_003","distributed",9,"2019-06-26T13:24Z",1,"BRD.BART.2019.1",1,"Y","BTBW","Setophaga caerulescens","species","Black-throated Blue Warbler",50,"singing","No","Unknown",1,"WFREE"
"3dc27c5f-6927-41d1-be9a-61362467ddf9","BART_003.birdGrid.brd","D01","BART","BART_003","distributed",9,"2019-06-26T13:24Z",1,"BRD.BART.2019.1",6,"Y","BCCH","Poecile atricapillus","species","Black-capped Chickadee",32,"calling","No","Unknown",1,"WFREE"
"b2ecde5a-a43c-46b0-980e-6672791b0826","BART_003.birdGrid.brd","D01","BART","BART_003","distributed",5,"2019-06-26T13:55Z",1,"BRD.BART.2019.1",4,"Y","BHVI","Vireo solitarius","species","Blue-headed Vireo",51,"singing","No","Unknown",1,"WFREE"
"c0cc02da-ca1d-48af-9a29-245a008e6f36","BART_003.birdGrid.brd","D01","BART","BART_003","distributed",5,"2019-06-26T13:55Z",1,"BRD.BART.2019.1",1,"Y","REVI","Vireo olivaceus","species","Red-eyed Vireo",63,"singing","No","Unknown",1,"WFREE"
"1f48add3-9e5a-4e68-8edd-8ab42e9edbe0","BART_003.birdGrid.brd","D01","BART","BART_003","distributed",5,"2019-06-26T13:55Z",1,"BRD.BART.2019.1",3,"Y","UNBI","Aves sp.","class","",41,"calling","No","Unknown",1,"WFREE"
"ed799c3e-2b80-4757-80f1-cdc5857680ae","BART_003.birdGrid.brd","D01","BART","BART_003","distributed",5,"2019-06-26T13:55Z",1,"BRD.BART.2019.1",6,"Y","UNBI","Aves sp.","class","",36,"calling","No","Unknown",1,"WFREE"
"5164a84c-6484-4424-85a8-6ee51d91af55","BART_003.birdGrid.brd","D01","BART","BART_003","distributed",5,"2019-06-26T13:55Z",1,"BRD.BART.2019.1",1,"Y","BTNW","Setophaga virens","species","Black-throated Green Warbler",47,"singing","No","Unknown",1,"WFREE"
"69d6bfbe-38da-419d-a7bd-192f585507e7","BART_025.birdGrid.brd","D01","BART","BART_025","distributed",3,"2019-06-27T12:02Z",1,"BRD.BART.2019.1",1,"Y","BHVI","Vireo solitarius","species","Blue-headed Vireo",46,"calling","No","Unknown",1,"WFREE"
"1af15b30-9e84-4c4f-b796-1f8dfcae37ce","BART_025.birdGrid.brd","D01","BART","BART_025","distributed",3,"2019-06-27T12:02Z",1,"BRD.BART.2019.1",1,"Y","BTNW","Setophaga virens","species","Black-throated Green Warbler",52,"singing","No","Unknown",1,"WFREE"
"11af99d8-4450-4ad2-996a-5d4cfbe735b4","BART_025.birdGrid.brd","D01","BART","BART_025","distributed",3,"2019-06-27T12:02Z",1,"BRD.BART.2019.1",1,"Y","BTNW","Setophaga virens","species","Black-throated Green Warbler",10,"singing","No","Unknown",1,"WFREE"
"b6142e1e-7657-4ece-8e05-0d2f0294e5dc","BART_025.birdGrid.brd","D01","BART","BART_025","distributed",3,"2019-06-27T12:02Z",1,"BRD.BART.2019.1",1,"Y","BAWW","Mniotilta varia","species","Black-and-white Warbler",57,"singing","No","Unknown",1,"WFREE"
"d9719350-dc6d-45dc-9d06-3aee04df0eda","BART_025.birdGrid.brd","D01","BART","BART_025","distributed",3,"2019-06-27T12:02Z",1,"BRD.BART.2019.1",1,"Y","BTNW","Setophaga virens","species","Black-throated Green Warbler",38,"singing","No","Unknown",1,"WFREE"
"4ed3b9c3-01f6-4b2a-b195-528741bd077b","BART_025.birdGrid.brd","D01","BART","BART_025","distributed",2,"2019-06-27T12:40Z",1,"BRD.BART.2019.1",2,"Y","REVI","Vireo olivaceus","species","Red-eyed Vireo",55,"singing","No","Unknown",1,"WFREE"
"02b38bf8-8d73-494a-a625-fc5f8f7e56b4","BART_025.birdGrid.brd","D01","BART","BART_025","distributed",2,"2019-06-27T12:40Z",1,"BRD.BART.2019.1",1,"Y","BTBW","Setophaga caerulescens","species","Black-throated Blue Warbler",36,"singing","No","Unknown",1,"WFREE"
"2d9bf258-f88a-4168-a1c6-293ca1098e3c","BART_025.birdGrid.brd","D01","BART","BART_025","distributed",2,"2019-06-27T12:40Z",1,"BRD.BART.2019.1",3,"Y","WIWR","Troglodytes hiemalis","species","Winter Wren",22,"singing","No","Unknown",1,"WFREE"
"625db0a3-a8ee-41ed-9287-6124a1010e46","BART_025.birdGrid.brd","D01","BART","BART_025","distributed",2,"2019-06-27T12:40Z",1,"BRD.BART.2019.1",1,"Y","BTNW","Setophaga virens","species","Black-throated Green Warbler",43,"singing","No","Unknown",1,"WFREE"
"77ad44c4-dc0f-4159-9d07-d914c7ae7448","BART_025.birdGrid.brd","D01","BART","BART_025","distributed",2,"2019-06-27T12:40Z",1,"BRD.BART.2019.1",1,"Y","BLBW","Setophaga fusca","species","Blackburnian Warbler",51,"singing","No","Unknown",1,"WFREE"
"e7187140-3f94-4753-8d69-dbcabe31fab6","BART_025.birdGrid.brd","D01","BART","BART_025","distributed",4,"2019-06-27T13:20Z",1,"BRD.BART.2019.1",5,"Y","BLJA","Cyanocitta cristata","species","Blue Jay",13,"singing","No","Unknown",1,"WFREE"
"0ebb029a-fe5e-4775-8459-d5bf693e6e20","BART_025.birdGrid.brd","D01","BART","BART_025","distributed",4,"2019-06-27T13:20Z",1,"BRD.BART.2019.1",1,"Y","YRWA","Setophaga coronata","species","Yellow-rumped Warbler",29,"singing","No","Unknown",1,"WFREE"
"4956ca35-6483-4ba7-a7f1-0118d7d9cd75","BART_025.birdGrid.brd","D01","BART","BART_025","distributed",4,"2019-06-27T13:20Z",1,"BRD.BART.2019.1",1,"Y","REVI","Vireo olivaceus","species","Red-eyed Vireo",38,"singing","No","Unknown",1,"WFREE"
"57586e8a-4d2d-4405-b1b5-6f6dde5afed3","BART_025.birdGrid.brd","D01","BART","BART_025","distributed",4,"2019-06-27T13:20Z",1,"BRD.BART.2019.1",1,"Y","HAWO","Picoides villosus","species","Hairy Woodpecker",16,"calling","No","Unknown",1,"WFREE"
"9d188d59-8009-42d4-9401-95d69f0b6c15","BART_025.birdGrid.brd","D01","BART","BART_025","distributed",4,"2019-06-27T13:20Z",1,"BRD.BART.2019.1",2,"Y","HETH","Catharus guttatus","species","Hermit Thrush",38,"singing","No","Unknown",1,"WFREE"
"402e24b6-1a0b-46f6-b10d-29a089272705","BART_025.birdGrid.brd","D01","BART","BART_025","distributed",4,"2019-06-27T13:20Z",1,"BRD.BART.2019.1",3,"Y","GCKI","Regulus satrapa","species","Golden-crowned Kinglet",40,"singing","No","Unknown",1,"WFREE"
"8dd78be3-6751-4073-bb57-9020715f968f","BART_025.birdGrid.brd","D01","BART","BART_025","distributed",4,"2019-06-27T13:20Z",1,"BRD.BART.2019.1",6,"Y","CEDW","Bombycilla cedrorum","species","Cedar Waxwing",27,"singing","No","Unknown",1,"WFREE"
"341f20ef-8fac-4dbe-ae96-913c53dfd1ed","BART_025.birdGrid.brd","D01","BART","BART_025","distributed",4,"2019-06-27T13:20Z",1,"BRD.BART.2019.1",4,"Y","BLBW","Setophaga fusca","species","Blackburnian Warbler",42,"singing","No","Unknown",1,"WFREE"
"00dc5350-3adf-4833-9a65-6b2122277c79","BART_025.birdGrid.brd","D01","BART","BART_025","distributed",4,"2019-06-27T13:20Z",1,"BRD.BART.2019.1",6,"Y","YRWA","Setophaga coronata","species","Yellow-rumped Warbler",34,"singing","No","Unknown",1,"WFREE"
"3a9a5e2e-a8bb-4cba-acc2-c166a1eb1e74","BART_025.birdGrid.brd","D01","BART","BART_025","distributed",5,"2019-06-27T14:01Z",1,"BRD.BART.2019.1",1,"Y","BLBW","Setophaga fusca","species","Blackburnian Warbler",32,"singing","No","Unknown",1,"WFREE"
"1e211403-017f-4fae-bc97-063e7bab9f78","BART_025.birdGrid.brd","D01","BART","BART_025","distributed",5,"2019-06-27T14:01Z",1,"BRD.BART.2019.1",5,"Y","BAWW","Mniotilta varia","species","Black-and-white Warbler",35,"singing","No","Unknown",1,"WFREE"
"09e90615-d6aa-451c-ae46-ea2d0eb23833","BART_025.birdGrid.brd","D01","BART","BART_025","distributed",5,"2019-06-27T14:01Z",1,"BRD.BART.2019.1",2,"Y","BLJA","Cyanocitta cristata","species","Blue Jay",40,"unknown","No","Unknown",1,"WFREE"
"4513b43d-8707-4500-9010-9601c6fce722","BART_025.birdGrid.brd","D01","BART","BART_025","distributed",5,"2019-06-27T14:01Z",1,"BRD.BART.2019.1",6,"Y","UNTH","Turdidae sp.","family","",47,"calling","No","Unknown",1,"WFREE"
"2b553ea3-8fe9-4e65-8433-b6ebd16b019a","BART_025.birdGrid.brd","D01","BART","BART_025","distributed",5,"2019-06-27T14:01Z",1,"BRD.BART.2019.1",2,"Y","WIWR","Troglodytes hiemalis","species","Winter Wren",62,"singing","No","Unknown",1,"WFREE"
"2b1dc89e-10f4-4a92-a7d2-23ad67e85099","BART_025.birdGrid.brd","D01","BART","BART_025","distributed",6,"2019-06-28T10:42Z",1,"BRD.BART.2019.1",6,"Y","BTNW","Setophaga virens","species","Black-throated Green Warbler",40,"singing","No","Unknown",1,"WFREE"
"716a7067-66d1-47f7-9240-aecb922a2c74","BART_025.birdGrid.brd","D01","BART","BART_025","distributed",6,"2019-06-28T10:42Z",1,"BRD.BART.2019.1",3,"Y","HETH","Catharus guttatus","species","Hermit Thrush",32,"singing","No","Unknown",1,"WFREE"
"bc93a911-44ea-41c7-a61d-b0c7262123ae","BART_025.birdGrid.brd","D01","BART","BART_025","distributed",6,"2019-06-28T10:42Z",1,"BRD.BART.2019.1",4,"Y","BLJA","Cyanocitta cristata","species","Blue Jay",30,"singing","No","Unknown",1,"WFREE"
"69cdcd49-1339-4751-a5b9-79b4f081a60a","BART_025.birdGrid.brd","D01","BART","BART_025","distributed",6,"2019-06-28T10:42Z",1,"BRD.BART.2019.1",1,"Y","REVI","Vireo olivaceus","species","Red-eyed Vireo",65,"singing","No","Unknown",1,"WFREE"
"6a023434-f2e0-4110-92d6-3f16ee646d79","BART_025.birdGrid.brd","D01","BART","BART_025","distributed",6,"2019-06-28T10:42Z",1,"BRD.BART.2019.1",1,"Y","CEDW","Bombycilla cedrorum","species","Cedar Waxwing",26,"flyover","No","Unknown",2,"WFREE"
"c58eed59-346d-45a7-a7f6-7992a72d1ffc","BART_025.birdGrid.brd","D01","BART","BART_025","distributed",6,"2019-06-28T10:42Z",1,"BRD.BART.2019.1",3,"Y","BLBW","Setophaga fusca","species","Blackburnian Warbler",41,"singing","No","Unknown",1,"WFREE"
"c3211f7a-43d1-4b94-a01c-da4a651688b0","BART_025.birdGrid.brd","D01","BART","BART_025","distributed",9,"2019-06-28T11:17Z",1,"BRD.BART.2019.1",1,"Y","BLBW","Setophaga fusca","species","Blackburnian Warbler",39,"singing","No","Unknown",1,"WFREE"
"8ccef78c-b09b-43ff-a5ac-91ff8c0884e0","BART_025.birdGrid.brd","D01","BART","BART_025","distributed",9,"2019-06-28T11:17Z",1,"BRD.BART.2019.1",1,"Y","REVI","Vireo olivaceus","species","Red-eyed Vireo",22,"singing","No","Unknown",1,"WFREE"
"5f26a90e-0459-484c-ab64-cb77f83993b1","BART_025.birdGrid.brd","D01","BART","BART_025","distributed",9,"2019-06-28T11:17Z",1,"BRD.BART.2019.1",1,"Y","UNTH","Turdidae sp.","family","",31,"calling","Yes","Unknown",1,"WFREE"
"c5615d85-1887-4f28-a7d1-677c08506dc4","BART_025.birdGrid.brd","D01","BART","BART_025","distributed",9,"2019-06-28T11:17Z",1,"BRD.BART.2019.1",1,"Y","BAWW","Mniotilta varia","species","Black-and-white Warbler",27,"singing","No","Unknown",1,"WFREE"
"39f15df7-4809-4f93-894e-78ed22aad275","BART_025.birdGrid.brd","D01","BART","BART_025","distributed",9,"2019-06-28T11:17Z",1,"BRD.BART.2019.1",4,"Y","BHVI","Vireo solitarius","species","Blue-headed Vireo",53,"singing","No","Unknown",1,"WFREE"
"5c3e91a0-4733-4f87-9b5d-f659e35aff30","BART_003.birdGrid.brd","D01","BART","BART_003","distributed",7,"2019-06-28T12:32Z",1,"BRD.BART.2019.1",1,"Y","REVI","Vireo olivaceus","species","Red-eyed Vireo",62,"singing","No","Unknown",1,"WFREE"
"5c02342b-842e-435c-86bd-acd2751f2221","BART_003.birdGrid.brd","D01","BART","BART_003","distributed",7,"2019-06-28T12:32Z",1,"BRD.BART.2019.1",1,"Y","OVEN","Seiurus aurocapilla","species","Ovenbird",57,"singing","No","Unknown",1,"WFREE"
"11422e8e-b4f6-4997-bc41-496a3d89bafc","BART_003.birdGrid.brd","D01","BART","BART_003","distributed",7,"2019-06-28T12:32Z",1,"BRD.BART.2019.1",6,"Y","BTBW","Setophaga caerulescens","species","Black-throated Blue Warbler",49,"singing","No","Unknown",1,"WFREE"
"eba91545-af4c-4248-b891-be6da3ff9969","BART_003.birdGrid.brd","D01","BART","BART_003","distributed",7,"2019-06-28T12:32Z",1,"BRD.BART.2019.1",1,"Y","BTNW","Setophaga virens","species","Black-throated Green Warbler",33,"singing","No","Unknown",1,"WFREE"
"c31a1fc8-da07-4273-8f0b-e859a426d07b","BART_003.birdGrid.brd","D01","BART","BART_003","distributed",7,"2019-06-28T12:32Z",1,"BRD.BART.2019.1",1,"Y","REVI","Vireo olivaceus","species","Red-eyed Vireo",42,"singing","No","Unknown",1,"WFREE"
"6e5e9747-67de-4fe0-9a0b-50b101d254a5","BART_003.birdGrid.brd","D01","BART","BART_003","distributed",8,"2019-06-28T13:06Z",1,"BRD.BART.2019.1",6,"Y","BHVI","Vireo solitarius","species","Blue-headed Vireo",38,"singing","No","Unknown",1,"WFREE"
"f4e58404-01d9-4579-8633-e28d65dbe147","BART_003.birdGrid.brd","D01","BART","BART_003","distributed",8,"2019-06-28T13:06Z",1,"BRD.BART.2019.1",5,"Y","BTNW","Setophaga virens","species","Black-throated Green Warbler",46,"singing","No","Unknown",1,"WFREE"
"f61df7c9-aa80-4058-8b26-f01ccceb2bb1","BART_003.birdGrid.brd","D01","BART","BART_003","distributed",8,"2019-06-28T13:06Z",1,"BRD.BART.2019.1",1,"Y","BLBW","Setophaga fusca","species","Blackburnian Warbler",30,"singing","No","Unknown",1,"WFREE"
"af7ce609-098c-4fef-a70a-b7e794fcc575","BART_003.birdGrid.brd","D01","BART","BART_003","distributed",8,"2019-06-28T13:06Z",1,"BRD.BART.2019.1",6,"Y","OVEN","Seiurus aurocapilla","species","Ovenbird",73,"singing","No","Unknown",1,"WFREE"
"83966c8f-d513-4a24-94ae-2364085fd54e","BART_003.birdGrid.brd","D01","BART","BART_003","distributed",8,"2019-06-28T13:06Z",1,"BRD.BART.2019.1",2,"Y","BLBW","Setophaga fusca","species","Blackburnian Warbler",11,"singing","No","Unknown",1,"WFREE"
"d70a8109-028d-4898-aa48-8180293d32c6","BART_003.birdGrid.brd","D01","BART","BART_003","distributed",8,"2019-06-28T13:06Z",1,"BRD.BART.2019.1",3,"Y","GCKI","Regulus satrapa","species","Golden-crowned Kinglet",24,"singing","No","Unknown",1,"WFREE"
"33b36b99-2156-4f7d-998f-51a1018f6a5d","BART_003.birdGrid.brd","D01","BART","BART_003","distributed",4,"2019-06-28T13:29Z",1,"BRD.BART.2019.1",2,"Y","WIWR","Troglodytes hiemalis","species","Winter Wren",59,"singing","Yes","Unknown",1,"WFREE"
"d3bc43ed-5c6a-4c97-b4eb-668d8bbb980e","BART_003.birdGrid.brd","D01","BART","BART_003","distributed",4,"2019-06-28T13:29Z",1,"BRD.BART.2019.1",4,"Y","BCCH","Poecile atricapillus","species","Black-capped Chickadee",30,"calling","No","Unknown",1,"WFREE"
"8de9b5b2-3635-4487-9bc9-b15e9c22edac","BART_003.birdGrid.brd","D01","BART","BART_003","distributed",4,"2019-06-28T13:29Z",1,"BRD.BART.2019.1",3,"Y","BLBW","Setophaga fusca","species","Blackburnian Warbler",21,"singing","No","Unknown",1,"WFREE"
"8c379b6e-4bc7-4336-9773-508b64014b45","BART_003.birdGrid.brd","D01","BART","BART_003","distributed",4,"2019-06-28T13:29Z",1,"BRD.BART.2019.1",2,"Y","WIWR","Troglodytes hiemalis","species","Winter Wren",59,"singing","Yes","Unknown",1,"WFREE"
"2d5bc3bc-3c90-4dbd-b1b4-b585921a175d","BART_003.birdGrid.brd","D01","BART","BART_003","distributed",4,"2019-06-28T13:29Z",1,"BRD.BART.2019.1",2,"Y","WIWA","Cardellina pusilla","species","Wilson's Warbler",59,"singing","Yes","Unknown",1,"WFREE"
